date,temperature_2m,wind_speed_10m,wind_direction_10m,wind_gusts_10m
2026-01-01T00:00,-1.5,2.6,106,5.4
2026-01-01T01:00,-1.9,3.6,131,6.8
2026-01-01T02:00,-2.1,3.3,112,8.3
2026-01-01T03:00,-2.0,4.2,97,9.0
2026-01-01T04:00,-2.0,4.2,100,10.1
2026-01-01T05:00,-2.0,3.9,103,10.4
2026-01-01T06:00,-2.0,4.2,115,11.9
2026-01-01T07:00,-2.2,3.9,118,11.9
2026-01-01T08:00,-1.9,4.9,126,11.5
2026-01-01T09:00,-1.9,5.2,112,13.3
2026-01-01T10:00,-1.9,4.2,137,13.3
2026-01-01T11:00,-0.9,6.3,125,15.1
2026-01-01T12:00,1.0,6.8,122,16.9
2026-01-01T13:00,3.2,5.4,124,18.7
2026-01-01T14:00,4.0,7.1,137,15.5
2026-01-01T15:00,4.7,2.3,113,16.6
2026-01-01T16:00,5.2,1.2,63,10.4
2026-01-01T17:00,5.2,0.7,346,7.9
2026-01-01T18:00,3.9,3.1,332,5.8
2026-01-01T19:00,1.9,4.2,355,7.6
2026-01-01T20:00,1.0,3.9,16,7.2
2026-01-01T21:00,0.4,5.4,40,11.5
2026-01-01T22:00,-0.2,4.3,62,10.1
2026-01-01T23:00,-1.1,2.8,75,8.3
2026-01-02T00:00,-1.3,4.5,95,9.4
2026-01-02T01:00,-1.0,3.0,76,10.4
2026-01-02T02:00,-0.9,2.9,90,12.2
2026-01-02T03:00,-1.0,3.9,24,9.0
2026-01-02T04:00,-1.5,5.8,20,12.6
2026-01-02T05:00,-1.6,3.6,20,12.6
2026-01-02T06:00,-1.6,1.3,106,10.1
2026-01-02T07:00,-1.7,1.5,76,7.2
2026-01-02T08:00,-1.7,1.5,225,7.2
2026-01-02T09:00,-2.0,1.9,22,7.2
2026-01-02T10:00,-1.8,2.3,32,8.6
2026-01-02T11:00,-1.5,2.7,48,10.8
2026-01-02T12:00,-0.9,1.4,50,11.5
2026-01-02T13:00,-0.1,1.3,344,10.4
2026-01-02T14:00,0.6,2.8,18,14.0
2026-01-02T15:00,1.1,2.4,351,10.8
2026-01-02T16:00,1.1,2.8,333,10.1
2026-01-02T17:00,1.1,3.8,319,8.6
2026-01-02T18:00,0.8,4.3,287,8.3
2026-01-02T19:00,0.6,4.2,290,7.9
2026-01-02T20:00,0.6,2.9,266,7.6
2026-01-02T21:00,1.0,5.1,278,10.4
2026-01-02T22:00,1.1,4.5,284,9.7
2026-01-02T23:00,1.2,5.5,337,9.7
2026-01-03T00:00,1.1,5.6,354,10.1
2026-01-03T01:00,1.0,4.4,341,9.7
2026-01-03T02:00,1.4,5.1,350,9.0
2026-01-03T03:00,1.0,3.9,347,9.7
2026-01-03T04:00,0.5,6.0,357,12.2
2026-01-03T05:00,-0.2,4.8,347,12.6
2026-01-03T06:00,-0.5,2.7,312,10.1
2026-01-03T07:00,-0.8,3.0,327,6.5
2026-01-03T08:00,-1.2,2.3,315,6.8
2026-01-03T09:00,-1.3,2.2,294,5.4
2026-01-03T10:00,-1.4,3.0,287,6.5
2026-01-03T11:00,-0.4,3.6,330,10.8
2026-01-03T12:00,0.7,3.3,324,11.9
2026-01-03T13:00,2.0,3.4,313,12.6
2026-01-03T14:00,2.7,5.3,315,13.7
2026-01-03T15:00,3.2,5.4,304,15.5
2026-01-03T16:00,3.5,5.9,288,15.5
2026-01-03T17:00,3.7,6.1,284,15.8
2026-01-03T18:00,3.2,5.2,276,14.8
2026-01-03T19:00,2.9,6.4,295,11.9
2026-01-03T20:00,2.4,8.9,324,16.2
2026-01-03T21:00,1.5,9.7,335,19.1
2026-01-03T22:00,0.6,8.0,318,19.1
2026-01-03T23:00,-0.1,7.1,300,15.5
2026-01-04T00:00,-0.8,7.5,300,13.7
2026-01-04T01:00,-1.4,6.8,297,14.0
2026-01-04T02:00,-1.4,7.3,306,13.0
2026-01-04T03:00,-2.2,6.5,300,14.0
2026-01-04T04:00,-2.8,6.3,307,12.6
2026-01-04T05:00,-3.1,6.1,300,12.2
2026-01-04T06:00,-3.2,6.3,305,12.6
2026-01-04T07:00,-3.3,6.0,297,12.2
2026-01-04T08:00,-3.5,6.8,305,12.2
2026-01-04T09:00,-3.6,6.4,310,13.3
2026-01-04T10:00,-3.5,6.1,302,12.2
2026-01-04T11:00,-2.5,5.3,305,14.0
2026-01-04T12:00,-1.2,5.2,297,16.2
2026-01-04T13:00,-0.1,5.9,284,18.4
2026-01-04T14:00,1.4,9.5,306,21.2
2026-01-04T15:00,1.9,8.9,295,24.5
2026-01-04T16:00,2.1,9.3,298,23.4
2026-01-04T17:00,1.8,9.3,294,23.0
2026-01-04T18:00,0.5,6.7,279,20.5
2026-01-04T19:00,-0.6,8.8,269,16.2
2026-01-04T20:00,-0.7,8.6,271,18.4
2026-01-04T21:00,-1.0,8.3,268,16.6
2026-01-04T22:00,-1.5,8.4,263,15.8
2026-01-04T23:00,-2.0,8.8,266,17.3
2026-01-05T00:00,-2.4,7.7,271,16.9
2026-01-05T01:00,-2.5,8.0,276,15.5
2026-01-05T02:00,-2.8,8.2,278,16.6
2026-01-05T03:00,-3.2,8.1,270,16.2
2026-01-05T04:00,-3.8,8.3,271,16.6
2026-01-05T05:00,-4.2,8.5,271,16.9
2026-01-05T06:00,-4.6,9.0,271,18.4
2026-01-05T07:00,-4.8,8.6,272,18.4
2026-01-05T08:00,-4.8,8.6,286,17.3
2026-01-05T09:00,-5.0,7.9,281,17.3
2026-01-05T10:00,-4.9,8.8,268,17.6
2026-01-05T11:00,-4.2,8.3,270,20.9
2026-01-05T12:00,-3.3,9.4,265,23.8
2026-01-05T13:00,-1.9,10.4,281,25.9
2026-01-05T14:00,-1.9,10.9,297,26.6
2026-01-05T15:00,-1.0,10.1,299,27.7
2026-01-05T16:00,-0.4,8.6,293,25.9
2026-01-05T17:00,-0.4,8.7,291,23.0
2026-01-05T18:00,-1.4,5.7,288,20.9
2026-01-05T19:00,-2.8,4.8,295,11.5
2026-01-05T20:00,-3.9,3.1,336,8.6
2026-01-05T21:00,-4.4,1.4,293,5.4
2026-01-05T22:00,-5.0,3.5,219,5.8
2026-01-05T23:00,-5.2,4.4,218,7.2
2026-01-06T00:00,-5.3,3.9,227,7.2
2026-01-06T01:00,-5.4,2.7,247,6.1
2026-01-06T02:00,-5.6,0.8,315,4.3
2026-01-06T03:00,-6.2,0.4,117,1.4
2026-01-06T04:00,-6.7,1.9,124,4.3
2026-01-06T05:00,-6.9,1.7,139,4.3
2026-01-06T06:00,-7.0,1.7,148,4.3
2026-01-06T07:00,-7.2,0.6,108,3.2
2026-01-06T08:00,-7.8,1.9,61,2.9
2026-01-06T09:00,-7.9,1.5,135,4.3
2026-01-06T10:00,-8.1,4.0,207,8.3
2026-01-06T11:00,-6.3,5.0,210,12.6
2026-01-06T12:00,-3.1,4.7,261,14.8
2026-01-06T13:00,-0.5,6.9,290,19.4
2026-01-06T14:00,0.9,10.7,303,24.1
2026-01-06T15:00,1.2,11.8,294,28.1
2026-01-06T16:00,1.6,12.7,293,29.5
2026-01-06T17:00,1.8,13.9,290,30.6
2026-01-06T18:00,0.6,13.1,278,30.6
2026-01-06T19:00,-0.6,13.5,270,27.0
2026-01-06T20:00,-1.2,13.0,274,26.3
2026-01-06T21:00,-1.6,11.8,277,25.2
2026-01-06T22:00,-1.9,10.7,283,23.0
2026-01-06T23:00,-2.2,9.8,278,20.5
2026-01-07T00:00,-2.6,9.2,268,18.7
2026-01-07T01:00,-2.7,9.6,265,19.1
2026-01-07T02:00,-3.2,9.4,272,18.7
2026-01-07T03:00,-3.6,7.8,277,18.0
2026-01-07T04:00,-4.0,5.9,281,14.8
2026-01-07T05:00,-4.8,4.5,272,10.8
2026-01-07T06:00,-5.2,4.1,270,7.9
2026-01-07T07:00,-5.2,2.3,219,6.8
2026-01-07T08:00,-5.3,0.7,194,4.0
2026-01-07T09:00,-5.8,0.6,108,1.4
2026-01-07T10:00,-5.9,1.7,131,3.2
2026-01-07T11:00,-4.0,2.3,129,8.6
2026-01-07T12:00,-1.2,2.6,141,11.2
2026-01-07T13:00,1.6,3.3,167,13.3
2026-01-07T14:00,3.5,2.3,212,14.8
2026-01-07T15:00,5.2,3.7,219,12.6
2026-01-07T16:00,6.7,5.7,235,14.4
2026-01-07T17:00,6.1,8.2,244,15.1
2026-01-07T18:00,5.6,17.0,266,32.0
2026-01-07T19:00,5.6,20.2,265,40.3
2026-01-07T20:00,5.7,20.5,285,41.8
2026-01-07T21:00,4.5,17.2,294,40.3
2026-01-07T22:00,4.1,12.2,278,32.4
2026-01-07T23:00,3.6,8.9,261,22.0
2026-01-08T00:00,2.8,8.1,231,14.8
2026-01-08T01:00,3.7,11.4,241,19.1
2026-01-08T02:00,5.4,17.5,249,33.5
2026-01-08T03:00,6.2,18.0,258,33.5
2026-01-08T04:00,6.8,20.0,259,39.6
2026-01-08T05:00,6.2,15.1,242,37.4
2026-01-08T06:00,7.0,21.4,249,41.0
2026-01-08T07:00,7.7,21.9,261,50.8
2026-01-08T08:00,8.9,23.3,259,43.2
2026-01-08T09:00,9.2,23.2,264,45.4
2026-01-08T10:00,9.4,22.7,266,44.6
2026-01-08T11:00,9.9,22.4,267,44.3
2026-01-08T12:00,10.4,22.0,265,43.6
2026-01-08T13:00,10.8,20.2,266,44.6
2026-01-08T14:00,11.5,21.4,268,43.2
2026-01-08T15:00,12.6,20.9,266,46.8
2026-01-08T16:00,12.8,21.4,264,46.8
2026-01-08T17:00,12.8,18.0,267,45.7
2026-01-08T18:00,12.1,15.0,273,37.4
2026-01-08T19:00,10.9,10.6,281,30.2
2026-01-08T20:00,9.4,5.2,297,20.9
2026-01-08T21:00,7.9,4.7,182,7.2
2026-01-08T22:00,7.6,6.9,173,11.9
2026-01-08T23:00,6.8,10.5,164,18.7
2026-01-09T00:00,6.5,9.4,149,20.2
2026-01-09T01:00,6.9,7.0,179,18.0
2026-01-09T02:00,6.9,11.1,239,12.2
2026-01-09T03:00,9.6,24.0,275,46.4
2026-01-09T04:00,9.4,23.2,272,47.2
2026-01-09T05:00,9.1,23.2,269,46.8
2026-01-09T06:00,8.8,23.1,267,45.4
2026-01-09T07:00,8.9,24.9,267,56.9
2026-01-09T08:00,8.4,24.5,274,58.0
2026-01-09T09:00,7.8,25.0,272,51.1
2026-01-09T10:00,7.8,24.2,265,58.3
2026-01-09T11:00,8.1,21.9,263,49.0
2026-01-09T12:00,8.4,24.7,260,54.4
2026-01-09T13:00,8.2,24.5,252,49.7
2026-01-09T14:00,7.4,23.0,261,50.0
2026-01-09T15:00,7.2,33.9,261,60.8
2026-01-09T16:00,6.8,31.2,265,72.7
2026-01-09T17:00,6.4,35.5,266,77.4
2026-01-09T18:00,6.1,28.7,265,73.8
2026-01-09T19:00,5.7,25.8,274,58.3
2026-01-09T20:00,5.8,29.2,270,54.7
2026-01-09T21:00,5.4,24.3,271,60.5
2026-01-09T22:00,4.6,22.8,264,50.8
2026-01-09T23:00,4.6,22.9,267,50.0
2026-01-10T00:00,4.2,20.4,267,47.9
2026-01-10T01:00,3.7,20.0,266,45.0
2026-01-10T02:00,3.3,14.5,278,40.7
2026-01-10T03:00,4.0,20.3,280,37.4
2026-01-10T04:00,4.0,23.6,280,51.8
2026-01-10T05:00,3.5,20.2,275,45.7
2026-01-10T06:00,3.9,20.4,276,40.7
2026-01-10T07:00,3.6,18.8,273,40.7
2026-01-10T08:00,3.4,18.4,267,37.4
2026-01-10T09:00,3.2,17.7,261,39.2
2026-01-10T10:00,3.7,18.0,271,36.4
2026-01-10T11:00,4.8,19.1,273,40.0
2026-01-10T12:00,5.6,22.2,267,45.7
2026-01-10T13:00,6.1,21.8,270,47.9
2026-01-10T14:00,7.3,21.6,281,55.1
2026-01-10T15:00,8.1,19.1,282,48.6
2026-01-10T16:00,8.4,22.2,293,48.6
2026-01-10T17:00,7.3,18.9,284,47.5
2026-01-10T18:00,6.8,18.6,282,43.2
2026-01-10T19:00,6.3,17.7,285,38.5
2026-01-10T20:00,6.8,18.9,286,36.0
2026-01-10T21:00,6.3,17.2,285,38.5
2026-01-10T22:00,5.7,14.5,284,34.9
2026-01-10T23:00,5.1,13.2,287,29.2
2026-01-11T00:00,4.4,11.4,286,25.9
2026-01-11T01:00,3.9,10.4,285,22.3
2026-01-11T02:00,3.8,10.3,283,19.8
2026-01-11T03:00,3.6,9.0,283,19.8
2026-01-11T04:00,3.0,7.8,292,17.3
2026-01-11T05:00,1.7,5.3,315,14.4
2026-01-11T06:00,1.0,4.3,315,10.1
2026-01-11T07:00,1.2,3.0,343,7.6
2026-01-11T08:00,2.3,3.6,18,5.8
2026-01-11T09:00,2.2,3.3,61,7.9
2026-01-11T10:00,2.4,5.4,98,13.0
2026-01-11T11:00,2.7,6.5,122,15.8
2026-01-11T12:00,3.0,6.1,124,16.9
2026-01-11T13:00,4.2,5.7,114,16.9
2026-01-11T14:00,5.8,5.4,98,16.6
2026-01-11T15:00,7.2,3.8,87,15.8
2026-01-11T16:00,8.2,3.2,47,12.6
2026-01-11T17:00,8.4,5.9,78,13.7
2026-01-11T18:00,7.2,5.0,92,14.4
2026-01-11T19:00,5.3,5.7,103,10.1
2026-01-11T20:00,4.7,6.5,114,11.2
2026-01-11T21:00,4.3,7.9,120,14.8
2026-01-11T22:00,4.0,8.3,132,14.8
2026-01-11T23:00,4.1,9.5,144,16.9
2026-01-12T00:00,4.4,10.7,139,19.8
2026-01-12T01:00,4.6,12.0,141,22.7
2026-01-12T02:00,5.1,12.0,148,26.6
2026-01-12T03:00,5.3,10.2,138,22.7
2026-01-12T04:00,5.6,12.5,137,23.8
2026-01-12T05:00,5.7,14.3,133,27.4
2026-01-12T06:00,5.3,13.8,125,27.4
2026-01-12T07:00,5.1,12.4,123,26.3
2026-01-12T08:00,5.2,14.7,137,24.1
2026-01-12T09:00,5.5,15.1,147,28.8
2026-01-12T10:00,6.0,15.7,144,30.6
2026-01-12T11:00,6.8,16.4,142,32.8
2026-01-12T12:00,7.8,14.1,140,34.2
2026-01-12T13:00,9.2,14.5,133,32.4
2026-01-12T14:00,9.8,13.6,146,34.2
2026-01-12T15:00,10.4,15.0,143,33.5
2026-01-12T16:00,10.5,15.6,143,33.8
2026-01-12T17:00,9.9,15.3,143,33.8
2026-01-12T18:00,8.9,16.9,137,34.9
2026-01-12T19:00,7.7,16.5,135,33.8
2026-01-12T20:00,7.1,15.7,138,33.5
2026-01-12T21:00,6.8,18.3,133,35.6
2026-01-12T22:00,7.0,19.5,134,38.5
2026-01-12T23:00,7.2,18.6,128,38.5
2026-01-13T00:00,7.0,14.2,111,36.4
2026-01-13T01:00,6.6,12.2,104,27.0
2026-01-13T02:00,6.9,11.8,114,22.3
2026-01-13T03:00,6.4,11.0,113,21.6
2026-01-13T04:00,6.8,13.9,121,25.6
2026-01-13T05:00,6.8,14.0,122,25.9
2026-01-13T06:00,6.4,14.0,128,25.6
2026-01-13T07:00,6.2,14.9,132,27.0
2026-01-13T08:00,6.8,15.7,134,27.7
2026-01-13T09:00,6.8,16.1,130,29.5
2026-01-13T10:00,7.2,16.5,128,30.2
2026-01-13T11:00,8.3,17.6,124,32.8
2026-01-13T12:00,10.1,14.8,131,35.6
2026-01-13T13:00,11.6,13.3,130,32.0
2026-01-13T14:00,12.8,15.8,131,30.2
2026-01-13T15:00,13.8,15.2,136,35.3
2026-01-13T16:00,14.1,16.0,137,34.6
2026-01-13T17:00,13.2,19.5,138,41.0
2026-01-13T18:00,11.9,21.0,144,42.5
2026-01-13T19:00,10.9,22.2,145,45.0
2026-01-13T20:00,10.9,19.6,136,44.3
2026-01-13T21:00,10.9,16.8,135,39.2
2026-01-13T22:00,10.9,15.4,133,33.5
2026-01-13T23:00,10.8,14.3,135,30.2
2026-01-14T00:00,10.4,15.0,137,28.8
2026-01-14T01:00,10.2,14.8,138,29.5
2026-01-14T02:00,9.4,9.8,113,28.4
2026-01-14T03:00,8.8,9.8,107,18.0
2026-01-14T04:00,8.4,9.7,108,17.3
2026-01-14T05:00,7.9,8.2,112,16.9
2026-01-14T06:00,7.2,6.0,106,14.4
2026-01-14T07:00,7.0,5.7,99,10.8
2026-01-14T08:00,6.2,4.3,85,10.1
2026-01-14T09:00,6.2,5.1,63,10.1
2026-01-14T10:00,6.4,4.6,48,10.1
2026-01-14T11:00,8.1,5.7,32,12.6
2026-01-14T12:00,10.6,2.1,15,12.2
2026-01-14T13:00,11.9,2.3,113,9.7
2026-01-14T14:00,12.9,5.6,135,17.3
2026-01-14T15:00,13.4,6.6,123,15.8
2026-01-14T16:00,13.6,3.8,90,15.5
2026-01-14T17:00,13.4,2.2,24,9.0
2026-01-14T18:00,12.4,1.4,320,5.4
2026-01-14T19:00,11.1,1.0,292,2.2
2026-01-14T20:00,10.6,6.8,163,4.7
2026-01-14T21:00,10.1,10.7,150,18.4
2026-01-14T22:00,10.1,12.4,150,24.8
2026-01-14T23:00,9.8,7.7,159,22.7
2026-01-15T00:00,9.6,7.3,164,13.7
2026-01-15T01:00,8.5,3.1,173,12.6
2026-01-15T02:00,7.6,4.7,176,5.4
2026-01-15T03:00,6.4,2.7,184,7.6
2026-01-15T04:00,5.7,2.7,143,5.0
2026-01-15T05:00,5.6,3.9,137,8.3
2026-01-15T06:00,4.9,5.1,132,10.1
2026-01-15T07:00,4.8,6.7,134,13.0
2026-01-15T08:00,4.8,7.0,138,14.4
2026-01-15T09:00,4.8,10.4,129,18.4
2026-01-15T10:00,6.4,15.8,127,28.1
2026-01-15T11:00,8.6,18.6,125,35.6
2026-01-15T12:00,10.1,23.1,129,45.4
2026-01-15T13:00,11.1,22.8,133,51.8
2026-01-15T14:00,13.1,22.7,131,53.3
2026-01-15T15:00,13.8,21.1,134,48.2
2026-01-15T16:00,13.4,19.6,136,45.7
2026-01-15T17:00,12.9,16.3,136,41.8
2026-01-15T18:00,11.7,14.3,139,33.8
2026-01-15T19:00,10.4,12.0,141,28.1
2026-01-15T20:00,9.7,9.3,151,23.0
2026-01-15T21:00,8.6,1.9,124,16.9
2026-01-15T22:00,7.8,0.7,14,2.9
2026-01-15T23:00,6.8,1.9,61,3.2
2026-01-16T00:00,6.2,2.3,51,4.7
2026-01-16T01:00,5.7,2.1,110,4.3
2026-01-16T02:00,5.6,1.5,97,4.3
2026-01-16T03:00,5.3,5.5,134,9.7
2026-01-16T04:00,5.3,3.3,139,10.1
2026-01-16T05:00,5.2,0.3,45,5.4
2026-01-16T06:00,5.4,2.2,5,5.4
2026-01-16T07:00,5.6,0.7,194,4.3
2026-01-16T08:00,6.1,1.1,9,4.7
2026-01-16T09:00,6.2,3.5,24,4.7
2026-01-16T10:00,6.3,2.5,90,4.7
2026-01-16T11:00,7.2,2.7,148,7.9
2026-01-16T12:00,9.0,2.1,149,10.4
2026-01-16T13:00,10.2,4.3,123,13.3
2026-01-16T14:00,11.2,12.8,138,25.9
2026-01-16T15:00,11.4,12.4,141,30.2
2026-01-16T16:00,11.8,9.3,143,28.1
2026-01-16T17:00,11.6,7.8,140,21.6
2026-01-16T18:00,10.9,6.0,139,16.6
2026-01-16T19:00,8.9,4.9,123,11.5
2026-01-16T20:00,8.7,0.4,297,8.3
2026-01-16T21:00,8.6,3.5,325,5.4
2026-01-16T22:00,8.0,7.9,309,14.0
2026-01-16T23:00,7.4,5.3,322,15.8
2026-01-17T00:00,7.1,5.9,313,10.4
2026-01-17T01:00,6.6,7.1,311,12.2
2026-01-17T02:00,6.8,6.9,332,15.5
2026-01-17T03:00,7.2,7.1,339,12.2
2026-01-17T04:00,7.2,6.5,337,13.3
2026-01-17T05:00,7.1,4.1,337,11.2
2026-01-17T06:00,7.2,4.9,356,8.3
2026-01-17T07:00,7.4,4.6,26,9.4
2026-01-17T08:00,7.3,2.6,25,8.3
2026-01-17T09:00,7.4,6.2,68,10.4
2026-01-17T10:00,7.7,4.5,56,10.8
2026-01-17T11:00,8.4,3.9,62,8.3
2026-01-17T12:00,9.6,5.8,86,13.3
2026-01-17T13:00,10.1,7.3,132,16.9
2026-01-17T14:00,10.6,4.6,167,20.9
2026-01-17T15:00,12.3,7.5,138,16.2
2026-01-17T16:00,13.1,11.0,105,20.9
2026-01-17T17:00,13.2,19.2,117,38.2
2026-01-17T18:00,12.6,20.3,120,41.8
2026-01-17T19:00,11.6,18.2,126,41.4
2026-01-17T20:00,11.6,15.7,136,36.0
2026-01-17T21:00,11.2,19.2,137,38.9
2026-01-17T22:00,10.6,17.0,146,39.2
2026-01-17T23:00,10.1,14.2,153,33.8
2026-01-18T00:00,10.2,18.2,145,33.8
2026-01-18T01:00,10.9,23.3,136,43.9
2026-01-18T02:00,11.1,19.7,135,44.3
2026-01-18T03:00,11.1,15.2,123,39.6
2026-01-18T04:00,10.5,9.6,116,28.4
2026-01-18T05:00,9.7,6.1,95,15.8
2026-01-18T06:00,9.1,2.5,150,10.8
2026-01-18T07:00,8.6,8.0,243,13.7
2026-01-18T08:00,8.6,8.7,223,19.8
2026-01-18T09:00,8.4,7.9,219,18.0
2026-01-18T10:00,8.4,5.2,248,14.8
2026-01-18T11:00,8.9,3.3,311,10.1
2026-01-18T12:00,9.6,1.2,321,10.1
2026-01-18T13:00,9.5,1.8,264,8.3
2026-01-18T14:00,9.1,2.0,355,10.1
2026-01-18T15:00,9.6,3.3,45,10.4
2026-01-18T16:00,10.0,3.1,121,10.8
2026-01-18T17:00,10.3,3.0,166,10.8
2026-01-18T18:00,10.2,1.0,292,9.0
2026-01-18T19:00,9.1,0.9,323,2.9
2026-01-18T20:00,8.9,2.5,352,5.0
2026-01-18T21:00,9.1,3.1,69,14.8
2026-01-18T22:00,9.4,8.9,128,13.3
2026-01-18T23:00,9.3,9.7,132,19.1
2026-01-19T00:00,8.9,5.5,153,16.9
2026-01-19T01:00,8.7,2.8,198,9.4
2026-01-19T02:00,8.8,0.8,315,5.0
2026-01-19T03:00,8.7,5.0,178,8.6
2026-01-19T04:00,8.3,7.6,199,13.3
2026-01-19T05:00,8.1,9.1,212,17.6
2026-01-19T06:00,7.8,6.5,208,16.6
2026-01-19T07:00,7.7,4.7,203,11.9
2026-01-19T08:00,7.9,2.9,191,10.4
2026-01-19T09:00,7.6,3.3,193,6.5
2026-01-19T10:00,7.5,4.6,193,7.6
2026-01-19T11:00,7.9,4.3,158,8.6
2026-01-19T12:00,8.4,3.9,167,9.7
2026-01-19T13:00,8.5,5.5,197,11.9
2026-01-19T14:00,9.5,1.1,162,12.6
2026-01-19T15:00,9.6,2.7,122,7.9
2026-01-19T16:00,9.8,1.7,139,8.6
2026-01-19T17:00,9.9,3.1,159,7.9
2026-01-19T18:00,9.3,2.5,172,7.6
2026-01-19T19:00,8.8,3.1,170,4.0
2026-01-19T20:00,8.4,2.7,172,4.3
2026-01-19T21:00,8.1,4.5,140,7.2
2026-01-19T22:00,8.3,6.2,154,10.4
2026-01-19T23:00,7.9,6.3,165,11.2
2026-01-20T00:00,7.8,4.3,175,11.5
2026-01-20T01:00,7.8,3.0,213,7.6
2026-01-20T02:00,7.9,5.3,208,7.2
2026-01-20T03:00,7.9,3.7,231,9.4
2026-01-20T04:00,7.9,1.9,197,6.1
2026-01-20T05:00,7.9,3.5,246,6.5
2026-01-20T06:00,7.8,2.8,281,6.1
2026-01-20T07:00,7.7,2.9,277,5.0
2026-01-20T08:00,7.6,1.1,81,5.0
2026-01-20T09:00,7.7,6.5,98,11.2
2026-01-20T10:00,7.5,10.4,118,18.7
2026-01-20T11:00,7.3,10.6,125,20.9
2026-01-20T12:00,7.4,11.0,131,20.9
2026-01-20T13:00,7.9,8.5,136,20.2
2026-01-20T14:00,7.8,10.0,124,21.2
2026-01-20T15:00,8.2,9.0,127,23.4
2026-01-20T16:00,8.5,9.9,112,20.9
2026-01-20T17:00,8.4,11.5,104,24.8
2026-01-20T18:00,8.2,9.8,114,23.0
2026-01-20T19:00,6.9,5.9,140,18.7
2026-01-20T20:00,6.4,11.0,130,16.9
2026-01-20T21:00,7.2,16.9,137,32.4
2026-01-20T22:00,8.4,18.2,141,35.6
2026-01-20T23:00,8.7,19.7,137,39.6
2026-01-21T00:00,8.6,14.7,147,39.6
2026-01-21T01:00,8.2,13.1,155,27.4
2026-01-21T02:00,8.7,13.9,139,31.0
2026-01-21T03:00,8.6,16.5,129,31.3
2026-01-21T04:00,8.6,19.5,130,38.2
2026-01-21T05:00,8.5,18.7,131,38.5
2026-01-21T06:00,8.4,20.0,135,38.9
2026-01-21T07:00,8.6,21.5,137,42.5
2026-01-21T08:00,8.6,21.7,138,43.2
2026-01-21T09:00,8.6,23.4,137,46.1
2026-01-21T10:00,8.8,24.1,137,47.5
2026-01-21T11:00,9.6,24.0,138,49.3
2026-01-21T12:00,10.6,21.1,136,49.0
2026-01-21T13:00,11.9,22.7,133,49.0
2026-01-21T14:00,12.9,23.4,135,51.5
2026-01-21T15:00,12.9,25.3,130,54.7
2026-01-21T16:00,12.7,22.6,130,54.4
2026-01-21T17:00,12.4,20.6,128,47.9
2026-01-21T18:00,11.7,21.3,125,46.4
2026-01-21T19:00,10.9,17.6,124,43.9
2026-01-21T20:00,10.6,16.2,132,35.3
2026-01-21T21:00,10.4,15.9,127,34.6
2026-01-21T22:00,10.1,12.5,108,31.7
2026-01-21T23:00,9.4,10.3,125,24.1
2026-01-22T00:00,9.1,8.5,125,19.4
2026-01-22T01:00,8.8,7.9,271,15.1
2026-01-22T02:00,9.0,11.3,329,21.2
2026-01-22T03:00,8.8,11.9,337,23.8
2026-01-22T04:00,8.2,6.2,352,22.3
2026-01-22T05:00,7.8,6.1,268,10.4
2026-01-22T06:00,7.4,7.4,270,14.8
2026-01-22T07:00,7.2,6.3,250,13.3
2026-01-22T08:00,7.8,10.5,262,14.8
2026-01-22T09:00,7.9,12.1,255,22.3
2026-01-22T10:00,7.6,13.3,249,24.8
2026-01-22T11:00,7.9,17.2,260,32.8
2026-01-22T12:00,8.5,16.2,266,38.5
2026-01-22T13:00,9.2,21.0,265,44.3
2026-01-22T14:00,10.5,17.4,263,48.6
2026-01-22T15:00,10.9,19.4,269,46.1
2026-01-22T16:00,10.4,17.5,274,42.1
2026-01-22T17:00,10.6,17.1,274,37.4
2026-01-22T18:00,9.6,12.6,259,36.7
2026-01-22T19:00,8.9,11.3,256,25.9
2026-01-22T20:00,8.2,9.5,248,23.0
2026-01-22T21:00,7.2,5.6,239,17.6
2026-01-22T22:00,6.1,3.8,161,9.7
2026-01-22T23:00,5.8,9.2,129,16.2
2026-01-23T00:00,5.2,11.3,126,21.2
2026-01-23T01:00,5.2,12.5,120,23.8
2026-01-23T02:00,5.2,14.3,130,23.8
2026-01-23T03:00,5.6,16.3,125,31.7
2026-01-23T04:00,6.1,18.4,127,36.0
2026-01-23T05:00,6.7,21.0,134,41.4
2026-01-23T06:00,7.2,18.5,147,42.8
2026-01-23T07:00,7.7,16.1,158,36.7
2026-01-23T08:00,7.5,15.3,168,38.5
2026-01-23T09:00,7.6,9.4,232,33.1
2026-01-23T10:00,6.6,13.4,258,24.8
2026-01-23T11:00,6.7,5.4,220,25.9
2026-01-23T12:00,7.9,5.9,182,17.6
2026-01-23T13:00,8.5,4.9,327,16.6
2026-01-23T14:00,9.9,6.0,41,15.5
2026-01-23T15:00,11.1,6.7,87,18.7
2026-01-23T16:00,11.4,8.3,101,20.5
2026-01-23T17:00,11.1,4.8,151,22.0
2026-01-23T18:00,8.2,4.5,317,24.1
2026-01-23T19:00,7.2,10.5,82,19.8
2026-01-23T20:00,7.7,9.8,103,22.0
2026-01-23T21:00,7.2,10.2,114,18.7
2026-01-23T22:00,6.9,13.3,126,24.1
2026-01-23T23:00,7.0,15.7,120,29.9
2026-01-24T00:00,7.1,16.3,132,31.3
2026-01-24T01:00,7.2,20.7,127,40.7
2026-01-24T02:00,7.5,19.1,123,43.9
2026-01-24T03:00,6.8,17.5,126,38.9
2026-01-24T04:00,6.1,17.2,134,34.9
2026-01-24T05:00,5.6,16.3,148,34.9
2026-01-24T06:00,5.8,13.0,156,32.0
2026-01-24T07:00,5.8,6.5,208,25.2
2026-01-24T08:00,4.7,1.0,315,23.0
2026-01-24T09:00,5.2,0.8,45,3.2
2026-01-24T10:00,5.4,2.9,300,5.4
2026-01-24T11:00,5.6,8.2,308,15.1
2026-01-24T12:00,5.9,12.4,321,25.6
2026-01-24T13:00,6.2,12.5,310,25.6
2026-01-24T14:00,6.4,15.1,301,28.4
2026-01-24T15:00,6.6,14.0,296,29.2
2026-01-24T16:00,7.3,10.7,297,31.7
2026-01-24T17:00,7.7,13.3,302,29.9
2026-01-24T18:00,7.6,13.4,303,31.3
2026-01-24T19:00,7.2,9.8,287,27.0
2026-01-24T20:00,6.3,8.3,275,21.2
2026-01-24T21:00,5.8,6.4,260,15.8
2026-01-24T22:00,5.3,8.2,256,15.5
2026-01-24T23:00,5.3,13.2,260,24.5
2026-01-25T00:00,4.7,15.0,250,29.9
2026-01-25T01:00,4.9,16.7,262,32.0
2026-01-25T02:00,5.1,13.0,260,36.0
2026-01-25T03:00,5.1,11.4,273,25.6
2026-01-25T04:00,5.7,12.7,263,24.1
2026-01-25T05:00,6.1,15.7,260,30.2
2026-01-25T06:00,5.7,13.4,253,30.2
2026-01-25T07:00,4.8,8.9,246,25.2
2026-01-25T08:00,4.5,7.5,204,15.5
2026-01-25T09:00,5.2,7.4,180,16.6
2026-01-25T10:00,5.0,10.4,160,18.4
2026-01-25T11:00,6.3,6.2,147,19.1
2026-01-25T12:00,7.3,3.4,96,12.6
2026-01-25T13:00,9.3,3.6,340,11.9
2026-01-25T14:00,9.1,4.6,36,27.7
2026-01-25T15:00,9.0,13.1,307,29.2
2026-01-25T16:00,8.0,16.8,267,34.6
2026-01-25T17:00,7.8,15.9,257,34.2
2026-01-25T18:00,7.7,14.4,250,33.1
2026-01-25T19:00,6.5,15.9,252,33.1
2026-01-25T20:00,6.1,19.8,239,43.2
2026-01-25T21:00,6.2,21.3,245,43.2
2026-01-25T22:00,6.3,23.8,257,47.2
2026-01-25T23:00,5.7,18.8,264,47.5
2026-01-26T00:00,6.0,21.6,262,41.8
2026-01-26T01:00,6.2,21.9,259,44.3
2026-01-26T02:00,6.8,25.3,281,50.0
2026-01-26T03:00,6.6,25.0,282,54.7
2026-01-26T04:00,6.1,23.5,275,46.8
2026-01-26T05:00,4.8,20.6,274,50.0
2026-01-26T06:00,4.9,16.0,282,40.7
2026-01-26T07:00,4.9,13.3,283,32.4
2026-01-26T08:00,5.6,13.8,284,26.6
2026-01-26T09:00,5.1,9.5,279,26.6
2026-01-26T10:00,5.0,7.0,280,18.0
2026-01-26T11:00,6.6,6.8,268,15.5
2026-01-26T12:00,8.1,10.2,263,21.6
2026-01-26T13:00,9.2,12.4,254,28.1
2026-01-26T14:00,9.6,9.6,242,28.1
2026-01-26T15:00,10.4,6.8,248,22.3
2026-01-26T16:00,10.9,5.7,238,19.1
2026-01-26T17:00,10.7,2.4,126,15.5
2026-01-26T18:00,10.1,4.0,108,11.2
2026-01-26T19:00,8.8,8.2,109,14.0
2026-01-26T20:00,8.4,10.7,110,19.1
2026-01-26T21:00,7.8,10.4,108,20.2
2026-01-26T22:00,7.3,12.0,125,22.3
2026-01-26T23:00,8.1,15.1,135,29.5
2026-01-27T00:00,8.4,18.4,141,37.1
2026-01-27T01:00,8.3,20.4,142,41.4
2026-01-27T02:00,8.1,21.3,142,41.8
2026-01-27T03:00,8.4,24.5,140,49.3
2026-01-27T04:00,8.4,26.3,141,52.9
2026-01-27T05:00,7.7,28.0,136,55.8
2026-01-27T06:00,7.7,26.8,138,58.0
2026-01-27T07:00,7.8,25.7,139,54.0
2026-01-27T08:00,8.3,19.9,139,51.8
2026-01-27T09:00,8.5,17.7,149,39.6
2026-01-27T10:00,8.2,19.9,147,38.9
2026-01-27T11:00,8.0,22.5,139,44.6
2026-01-27T12:00,9.1,17.0,127,45.4
2026-01-27T13:00,9.6,12.7,128,34.6
2026-01-27T14:00,10.5,11.5,120,28.4
2026-01-27T15:00,11.8,10.0,147,26.6
2026-01-27T16:00,11.6,14.4,288,34.6
2026-01-27T17:00,9.3,17.7,314,35.3
2026-01-27T18:00,8.8,13.6,321,34.6
2026-01-27T19:00,8.1,7.9,327,25.6
2026-01-27T20:00,7.6,8.0,312,15.1
2026-01-27T21:00,7.2,8.1,305,17.6
2026-01-27T22:00,7.0,8.1,273,20.2
2026-01-27T23:00,6.6,5.2,254,20.2
2026-01-28T00:00,6.2,3.7,203,9.4
2026-01-28T01:00,6.0,7.1,207,12.2
2026-01-28T02:00,5.5,11.1,222,20.2
2026-01-28T03:00,5.2,11.4,246,21.2
2026-01-28T04:00,5.5,13.8,277,25.6
2026-01-28T05:00,5.4,16.8,283,33.1
2026-01-28T06:00,4.9,15.8,277,32.8
2026-01-28T07:00,5.1,12.4,278,30.6
2026-01-28T08:00,4.7,9.9,248,24.1
2026-01-28T09:00,4.7,11.1,248,22.3
2026-01-28T10:00,4.7,5.1,231,20.9
2026-01-28T11:00,5.5,3.4,183,11.2
2026-01-28T12:00,6.8,2.4,287,11.9
2026-01-28T13:00,7.8,3.8,329,13.7
2026-01-28T14:00,8.6,4.7,23,15.1
2026-01-28T15:00,9.1,3.8,360,14.8
2026-01-28T16:00,9.2,4.2,348,13.3
2026-01-28T17:00,9.0,5.6,335,15.1
2026-01-28T18:00,8.9,4.9,309,15.1
2026-01-28T19:00,7.2,4.3,318,10.4
2026-01-28T20:00,5.9,4.7,353,10.8
2026-01-28T21:00,4.9,2.2,360,8.3
2026-01-28T22:00,4.3,0.5,135,3.6
2026-01-28T23:00,3.5,2.3,151,3.2
2026-01-29T00:00,3.7,4.9,170,9.0
2026-01-29T01:00,3.7,6.6,209,11.9
2026-01-29T02:00,5.3,5.7,238,12.6
2026-01-29T03:00,4.4,4.4,243,10.4
2026-01-29T04:00,3.8,2.8,191,6.8
2026-01-29T05:00,3.5,6.3,165,11.5
2026-01-29T06:00,2.9,6.4,164,11.5
2026-01-29T07:00,2.6,6.2,142,11.5
2026-01-29T08:00,2.0,4.9,141,12.2
2026-01-29T09:00,2.0,7.1,142,12.2
2026-01-29T10:00,3.2,8.7,120,15.5
2026-01-29T11:00,5.2,5.6,121,15.1
2026-01-29T12:00,7.1,4.9,147,11.9
2026-01-29T13:00,8.1,5.7,148,13.7
2026-01-29T14:00,10.4,5.4,143,14.4
2026-01-29T15:00,10.8,5.0,136,13.3
2026-01-29T16:00,9.9,4.2,133,12.6
2026-01-29T17:00,9.9,5.9,145,11.2
2026-01-29T18:00,9.5,7.6,144,14.4
2026-01-29T19:00,8.4,7.8,154,14.8
2026-01-29T20:00,7.3,7.0,162,14.8
2026-01-29T21:00,7.5,8.9,193,15.8
2026-01-29T22:00,7.3,9.6,201,17.6
2026-01-29T23:00,6.6,7.4,193,17.6
2026-01-30T00:00,6.8,10.7,237,17.3
2026-01-30T01:00,8.1,18.4,284,34.9
2026-01-30T02:00,8.6,23.1,261,36.0
2026-01-30T03:00,8.2,20.3,259,43.9
2026-01-30T04:00,7.9,23.2,267,46.1
2026-01-30T05:00,7.8,20.4,261,44.3
2026-01-30T06:00,7.5,21.7,258,45.4
2026-01-30T07:00,6.4,18.6,252,45.4
2026-01-30T08:00,7.8,19.8,269,44.3
2026-01-30T09:00,8.1,17.5,268,42.1
2026-01-30T10:00,7.9,16.3,262,34.6
2026-01-30T11:00,8.9,11.0,251,32.4
2026-01-30T12:00,10.1,6.9,250,21.6
2026-01-30T13:00,11.4,5.9,247,17.3
2026-01-30T14:00,13.2,11.9,267,16.9
2026-01-30T15:00,14.1,12.0,279,30.2
2026-01-30T16:00,14.0,5.1,293,27.7
2026-01-30T17:00,13.9,0.7,90,13.7
2026-01-30T18:00,12.9,1.5,159,6.1
2026-01-30T19:00,11.1,2.7,148,5.0
2026-01-30T20:00,10.8,8.5,205,9.4
2026-01-30T21:00,10.1,6.6,248,16.2
2026-01-30T22:00,9.3,2.2,294,10.8
2026-01-30T23:00,8.9,0.7,104,2.5
2026-01-31T00:00,8.1,1.7,41,2.2
2026-01-31T01:00,7.9,8.2,331,11.2
2026-01-31T02:00,7.7,9.5,1,24.5
2026-01-31T03:00,7.4,7.3,340,18.7
2026-01-31T04:00,6.8,5.3,294,14.0
2026-01-31T05:00,6.2,19.7,258,37.8
2026-01-31T06:00,5.6,14.8,267,38.5
2026-01-31T07:00,6.0,14.8,254,28.4
2026-01-31T08:00,5.7,15.3,253,32.0
2026-01-31T09:00,6.1,16.9,259,33.5
2026-01-31T10:00,6.2,17.7,257,34.9
2026-01-31T11:00,6.3,18.5,259,37.8
2026-01-31T12:00,7.5,21.6,267,45.0
2026-01-31T13:00,8.9,20.4,267,46.1
2026-01-31T14:00,9.6,20.4,266,49.3
2026-01-31T15:00,10.2,21.5,265,47.5
2026-01-31T16:00,10.4,24.2,265,51.8
2026-01-31T17:00,9.1,21.9,250,58.7
2026-01-31T18:00,8.1,19.5,256,51.8
2026-01-31T19:00,7.9,19.9,261,42.1
2026-01-31T20:00,8.4,18.5,263,41.4
2026-01-31T21:00,7.9,18.2,273,40.7
2026-01-31T22:00,8.1,20.6,276,40.7
2026-01-31T23:00,8.4,21.7,279,42.1
2026-02-01T00:00,8.3,21.0,275,40.7
2026-02-01T01:00,7.8,20.0,268,41.8
2026-02-01T02:00,8.2,18.1,265,41.8
2026-02-01T03:00,7.8,18.0,263,36.0
2026-02-01T04:00,7.5,14.7,263,34.9
2026-02-01T05:00,7.6,13.0,264,27.4
2026-02-01T06:00,7.1,11.7,261,24.8
2026-02-01T07:00,6.3,10.0,253,21.6
2026-02-01T08:00,6.6,9.0,255,18.4
2026-02-01T09:00,6.7,8.4,255,16.6
2026-02-01T10:00,7.3,7.5,253,15.5
2026-02-01T11:00,8.1,8.2,244,15.8
2026-02-01T12:00,8.9,3.9,196,14.8
2026-02-01T13:00,10.6,6.5,242,17.3
2026-02-01T14:00,11.3,7.0,215,20.2
2026-02-01T15:00,12.4,9.5,251,23.8
2026-02-01T16:00,12.9,9.6,273,25.9
2026-02-01T17:00,12.4,4.9,231,22.7
2026-02-01T18:00,11.8,3.1,216,11.5
2026-02-01T19:00,11.2,4.6,231,7.9
2026-02-01T20:00,11.2,7.2,231,12.6
2026-02-01T21:00,10.4,4.5,233,14.4
2026-02-01T22:00,9.9,5.6,195,12.2
2026-02-01T23:00,9.4,7.4,166,13.3
2026-02-02T00:00,8.8,7.9,156,16.2
2026-02-02T01:00,8.1,8.5,151,15.5
2026-02-02T02:00,8.1,10.9,123,16.2
2026-02-02T03:00,7.9,12.6,123,23.4
2026-02-02T04:00,7.8,14.2,125,26.6
2026-02-02T05:00,7.9,15.1,118,28.8
2026-02-02T06:00,8.1,13.0,121,28.1
2026-02-02T07:00,8.1,13.3,122,25.6
2026-02-02T08:00,8.3,14.8,139,25.9
2026-02-02T09:00,8.2,17.3,138,33.1
2026-02-02T10:00,9.0,20.1,132,40.3
2026-02-02T11:00,10.0,18.0,132,40.7
2026-02-02T12:00,11.5,17.5,130,38.5
2026-02-02T13:00,12.0,16.1,129,36.4
2026-02-02T14:00,13.2,17.7,133,38.2
2026-02-02T15:00,13.6,11.3,126,36.7
2026-02-02T16:00,14.6,15.7,130,34.2
2026-02-02T17:00,14.8,15.6,145,34.6
2026-02-02T18:00,13.5,21.5,140,45.0
2026-02-02T19:00,12.4,21.2,142,44.6
2026-02-02T20:00,12.1,13.9,119,42.8
2026-02-02T21:00,11.6,1.3,82,27.4
2026-02-02T22:00,11.1,11.9,325,23.4
2026-02-02T23:00,10.4,20.7,299,43.2
2026-02-03T00:00,9.4,8.7,343,40.3
2026-02-03T01:00,8.7,6.2,21,18.4
2026-02-03T02:00,7.7,4.0,144,10.4
2026-02-03T03:00,7.4,6.6,257,9.0
2026-02-03T04:00,6.9,5.8,196,14.4
2026-02-03T05:00,6.2,8.7,159,16.2
2026-02-03T06:00,6.2,8.9,156,16.9
2026-02-03T07:00,5.3,5.6,155,16.6
2026-02-03T08:00,5.6,10.5,151,16.2
2026-02-03T09:00,5.2,10.7,143,19.1
2026-02-03T10:00,5.8,13.6,133,24.5
2026-02-03T11:00,8.1,13.6,134,26.6
2026-02-03T12:00,10.4,10.6,140,24.8
2026-02-03T13:00,12.3,11.2,140,25.9
2026-02-03T14:00,13.6,13.8,125,31.7
2026-02-03T15:00,14.0,14.3,134,32.8
2026-02-03T16:00,13.8,10.9,141,32.4
2026-02-03T17:00,13.1,7.8,157,24.8
2026-02-03T18:00,12.3,4.9,184,17.3
2026-02-03T19:00,10.4,3.4,155,9.4
2026-02-03T20:00,9.2,3.6,87,7.6
2026-02-03T21:00,8.4,2.7,122,9.4
2026-02-03T22:00,7.9,1.4,90,4.0
2026-02-03T23:00,7.4,4.8,101,7.9
2026-02-04T00:00,6.2,5.2,119,9.4
2026-02-04T01:00,5.6,7.0,108,11.9
2026-02-04T02:00,5.9,8.6,131,14.8
2026-02-04T03:00,5.8,10.4,134,18.4
2026-02-04T04:00,5.9,12.3,127,23.0
2026-02-04T05:00,6.2,13.8,130,25.6
2026-02-04T06:00,6.1,13.3,126,27.4
2026-02-04T07:00,5.5,12.2,124,24.8
2026-02-04T08:00,5.7,14.1,127,26.3
2026-02-04T09:00,5.7,14.7,133,27.4
2026-02-04T10:00,6.2,15.6,142,30.2
2026-02-04T11:00,7.8,13.4,145,30.6
2026-02-04T12:00,8.7,11.7,144,28.1
2026-02-04T13:00,9.4,13.0,151,27.0
2026-02-04T14:00,11.8,9.9,168,26.6
2026-02-04T15:00,12.0,8.9,216,21.6
2026-02-04T16:00,10.8,8.7,275,22.0
2026-02-04T17:00,10.4,1.3,34,19.4
2026-02-04T18:00,10.6,4.3,175,10.8
2026-02-04T19:00,9.6,6.9,131,11.5
2026-02-04T20:00,9.1,9.8,150,20.9
2026-02-04T21:00,8.6,12.1,155,22.7
2026-02-04T22:00,8.4,12.9,153,24.8
2026-02-04T23:00,7.8,12.3,146,24.5
2026-02-05T00:00,7.4,12.7,148,23.4
2026-02-05T01:00,7.2,14.2,144,27.4
2026-02-05T02:00,6.8,12.7,149,27.4
2026-02-05T03:00,6.8,13.1,146,25.2
2026-02-05T04:00,6.6,14.6,150,28.4
2026-02-05T05:00,6.8,15.2,145,30.6
2026-02-05T06:00,6.8,17.0,146,32.4
2026-02-05T07:00,7.3,17.7,140,34.9
2026-02-05T08:00,7.9,17.4,144,34.2
2026-02-05T09:00,8.1,19.6,136,38.5
2026-02-05T10:00,8.7,19.6,136,39.2
2026-02-05T11:00,9.9,20.6,128,44.3
2026-02-05T12:00,10.1,22.8,137,46.1
2026-02-05T13:00,9.9,27.3,140,57.6
2026-02-05T14:00,9.1,22.6,139,57.2
2026-02-05T15:00,9.3,16.1,151,43.6
2026-02-05T16:00,9.9,15.6,164,29.9
2026-02-05T17:00,9.8,18.8,144,35.6
2026-02-05T18:00,10.0,13.3,167,34.9
2026-02-05T19:00,8.9,6.9,175,24.8
2026-02-05T20:00,9.1,10.0,214,12.6
2026-02-05T21:00,9.7,9.2,274,18.4
2026-02-05T22:00,8.2,6.3,257,16.2
2026-02-05T23:00,7.4,5.9,239,9.7
2026-02-06T00:00,7.2,7.1,251,11.5
2026-02-06T01:00,8.6,11.9,256,19.8
2026-02-06T02:00,9.1,14.9,271,28.4
2026-02-06T03:00,8.4,9.7,271,32.0
2026-02-06T04:00,8.2,12.6,253,23.0
2026-02-06T05:00,7.7,6.9,263,23.4
2026-02-06T06:00,6.9,7.6,251,13.0
2026-02-06T07:00,6.4,6.2,224,14.8
2026-02-06T08:00,7.3,7.1,246,10.4
2026-02-06T09:00,6.8,7.1,297,15.5
2026-02-06T10:00,8.3,11.9,272,21.2
2026-02-06T11:00,9.0,6.2,216,21.2
2026-02-06T12:00,10.3,4.2,245,18.7
2026-02-06T13:00,11.2,5.2,258,26.3
2026-02-06T14:00,12.0,4.0,172,25.6
2026-02-06T15:00,12.9,2.8,169,25.2
2026-02-06T16:00,12.9,1.5,194,22.3
2026-02-06T17:00,13.1,4.0,153,17.6
2026-02-06T18:00,12.9,3.3,171,11.9
2026-02-06T19:00,11.3,4.1,135,6.5
2026-02-06T20:00,10.1,8.3,94,13.3
2026-02-06T21:00,9.2,8.8,113,15.8
2026-02-06T22:00,8.6,8.7,96,16.6
2026-02-06T23:00,8.1,6.3,114,15.8
2026-02-07T00:00,7.7,5.2,102,11.5
2026-02-07T01:00,6.8,4.5,175,9.0
2026-02-07T02:00,7.4,14.7,298,15.5
2026-02-07T03:00,7.4,10.4,328,31.0
2026-02-07T04:00,7.2,3.6,217,19.1
2026-02-07T05:00,6.9,7.9,78,16.6
2026-02-07T06:00,6.4,8.7,185,16.2
2026-02-07T07:00,5.3,7.6,185,19.4
2026-02-07T08:00,5.3,6.5,178,14.4
2026-02-07T09:00,4.8,3.7,151,11.9
2026-02-07T10:00,5.1,6.2,172,10.1
2026-02-07T11:00,7.6,7.1,196,15.8
2026-02-07T12:00,9.7,6.3,250,17.6
2026-02-07T13:00,11.2,8.8,285,22.7
2026-02-07T14:00,12.2,7.6,295,25.6
2026-02-07T15:00,12.9,6.6,307,20.9
2026-02-07T16:00,13.1,3.9,323,19.1
2026-02-07T17:00,13.1,0.6,236,13.3
2026-02-07T18:00,12.6,2.4,126,6.8
2026-02-07T19:00,10.4,5.6,112,10.4
2026-02-07T20:00,9.0,8.8,102,14.8
2026-02-07T21:00,8.4,11.5,100,21.2
2026-02-07T22:00,8.1,12.1,102,23.4
2026-02-07T23:00,7.6,10.4,98,23.0
2026-02-08T00:00,6.9,7.8,81,19.1
2026-02-08T01:00,6.5,8.3,74,17.3
2026-02-08T02:00,6.4,4.8,105,15.1
2026-02-08T03:00,6.9,6.5,98,11.9
2026-02-08T04:00,7.1,5.2,74,13.0
2026-02-08T05:00,6.5,3.0,52,9.7
2026-02-08T06:00,6.3,0.9,11,4.7
2026-02-08T07:00,6.4,1.3,270,2.5
2026-02-08T08:00,6.2,6.9,276,6.8
2026-02-08T09:00,5.9,5.0,257,12.2
2026-02-08T10:00,7.1,4.6,222,9.7
2026-02-08T11:00,8.1,4.6,198,8.3
2026-02-08T12:00,9.1,5.0,240,13.7
2026-02-08T13:00,9.8,6.3,250,16.6
2026-02-08T14:00,10.4,10.6,266,24.8
2026-02-08T15:00,10.6,10.8,267,28.4
2026-02-08T16:00,10.8,10.6,259,25.2
2026-02-08T17:00,10.6,8.9,251,24.5
2026-02-08T18:00,10.6,6.1,230,19.8
2026-02-08T19:00,9.5,5.7,212,13.7
2026-02-08T20:00,9.1,6.6,233,11.2
2026-02-08T21:00,8.8,9.2,264,18.7
2026-02-08T22:00,8.5,9.8,275,18.4
2026-02-08T23:00,8.3,11.0,276,20.5
2026-02-09T00:00,8.1,11.3,272,22.0
2026-02-09T01:00,8.1,9.4,266,21.2
2026-02-09T02:00,7.8,9.7,245,17.6
2026-02-09T03:00,8.1,10.6,249,22.0
2026-02-09T04:00,7.8,7.9,258,19.8
2026-02-09T05:00,6.7,3.3,225,14.4
2026-02-09T06:00,5.7,6.0,175,11.2
2026-02-09T07:00,4.6,5.2,176,11.5
2026-02-09T08:00,4.8,6.5,138,10.1
2026-02-09T09:00,4.7,5.1,126,11.2
2026-02-09T10:00,5.6,7.4,112,12.6
2026-02-09T11:00,6.9,5.2,117,13.7
2026-02-09T12:00,8.3,8.0,132,17.6
2026-02-09T13:00,9.6,7.8,140,20.2
2026-02-09T14:00,10.1,5.5,142,19.8
2026-02-09T15:00,10.9,4.8,160,14.8
2026-02-09T16:00,10.6,8.9,142,17.6
2026-02-09T17:00,11.8,11.0,152,24.8
2026-02-09T18:00,11.4,10.8,143,24.1
2026-02-09T19:00,10.2,10.0,150,22.0
2026-02-09T20:00,9.9,14.5,132,24.1
2026-02-09T21:00,9.4,13.5,137,28.4
2026-02-09T22:00,9.1,11.4,149,25.9
2026-02-09T23:00,9.1,10.9,167,22.0
2026-02-10T00:00,8.8,11.5,184,22.0
2026-02-10T01:00,8.4,13.6,186,24.8
2026-02-10T02:00,8.7,14.9,161,25.9
2026-02-10T03:00,8.8,13.7,159,28.8
2026-02-10T04:00,8.6,14.9,163,27.0
2026-02-10T05:00,8.2,12.1,165,28.1
2026-02-10T06:00,8.5,12.1,170,22.3
2026-02-10T07:00,9.1,11.4,199,22.0
2026-02-10T08:00,9.4,10.2,190,20.9
2026-02-10T09:00,10.1,11.3,205,21.2
2026-02-10T10:00,10.8,9.9,195,20.9
2026-02-10T11:00,11.4,9.3,209,18.7
2026-02-10T12:00,11.1,11.1,173,20.2
2026-02-10T13:00,11.4,10.0,165,27.0
2026-02-10T14:00,11.8,9.6,189,30.6
2026-02-10T15:00,13.1,12.8,206,29.2
2026-02-10T16:00,14.7,10.6,235,34.6
2026-02-10T17:00,14.7,8.6,255,30.2
2026-02-10T18:00,14.1,16.0,277,37.8
2026-02-10T19:00,13.6,16.9,271,44.6
2026-02-10T20:00,13.9,16.0,273,44.6
2026-02-10T21:00,13.6,19.4,257,45.7
2026-02-10T22:00,13.2,17.9,265,47.9
2026-02-10T23:00,13.0,18.4,273,45.7
2026-02-11T00:00,13.0,23.6,272,52.2
2026-02-11T01:00,12.4,24.5,270,59.0
2026-02-11T02:00,13.1,33.0,285,59.4
2026-02-11T03:00,12.1,31.9,273,69.1
2026-02-11T04:00,12.1,27.1,278,67.0
2026-02-11T05:00,11.9,25.4,274,56.9
2026-02-11T06:00,10.9,23.8,272,64.8
2026-02-11T07:00,11.1,24.5,273,52.2
2026-02-11T08:00,11.8,24.4,275,52.6
2026-02-11T09:00,11.9,23.2,276,50.0
2026-02-11T10:00,12.1,20.0,277,47.5
2026-02-11T11:00,12.8,18.1,276,42.1
2026-02-11T12:00,14.1,21.7,277,46.1
2026-02-11T13:00,14.4,15.4,277,47.2
2026-02-11T14:00,14.1,13.0,280,33.8
2026-02-11T15:00,14.0,4.2,342,26.6
2026-02-11T16:00,14.0,6.1,85,14.0
2026-02-11T17:00,14.4,7.4,91,16.9
2026-02-11T18:00,13.4,5.5,122,17.3
2026-02-11T19:00,11.9,13.0,127,23.4
2026-02-11T20:00,11.9,12.9,139,23.8
2026-02-11T21:00,11.1,11.5,149,32.0
2026-02-11T22:00,11.8,14.7,174,40.3
2026-02-11T23:00,11.6,18.1,174,33.5
2026-02-12T00:00,11.3,15.7,193,39.2
2026-02-12T01:00,11.6,24.6,279,55.8
2026-02-12T02:00,13.8,37.3,282,72.7
2026-02-12T03:00,13.1,35.8,269,78.5
2026-02-12T04:00,12.4,36.0,269,80.6
2026-02-12T05:00,10.1,42.7,266,88.6
2026-02-12T06:00,8.8,43.6,270,87.8
2026-02-12T07:00,8.9,41.0,275,88.9
2026-02-12T08:00,9.1,32.6,271,96.8
2026-02-12T09:00,9.1,28.0,276,72.4
2026-02-12T10:00,9.1,30.2,276,72.7
2026-02-12T11:00,10.1,30.9,278,67.0
2026-02-12T12:00,10.9,32.0,278,74.2
2026-02-12T13:00,12.2,39.5,285,84.6
2026-02-12T14:00,11.8,30.5,280,87.5
2026-02-12T15:00,12.1,29.2,281,84.2
2026-02-12T16:00,10.8,31.6,281,81.7
2026-02-12T17:00,12.1,33.7,279,76.0
2026-02-12T18:00,11.4,31.0,281,72.4
2026-02-12T19:00,9.9,29.4,275,69.1
2026-02-12T20:00,9.8,22.9,278,61.9
2026-02-12T21:00,9.4,23.0,276,58.0
2026-02-12T22:00,9.1,20.3,276,45.7
2026-02-12T23:00,8.8,18.0,268,48.2
2026-02-13T00:00,8.6,14.6,266,36.7
2026-02-13T01:00,8.1,10.0,240,29.2
2026-02-13T02:00,8.2,5.2,211,19.4
2026-02-13T03:00,7.8,6.9,185,12.6
2026-02-13T04:00,7.5,6.0,175,14.0
2026-02-13T05:00,6.5,5.3,147,11.9
2026-02-13T06:00,5.5,3.9,114,10.4
2026-02-13T07:00,5.9,11.7,131,20.5
2026-02-13T08:00,6.8,15.8,122,31.3
2026-02-13T09:00,7.4,13.5,120,30.2
2026-02-13T10:00,8.1,12.6,114,25.2
2026-02-13T11:00,9.0,16.3,109,31.0
2026-02-13T12:00,10.3,16.2,113,34.2
2026-02-13T13:00,11.2,17.6,127,39.2
2026-02-13T14:00,12.4,14.7,129,40.0
2026-02-13T15:00,12.6,10.1,145,31.7
2026-02-13T16:00,11.8,7.4,186,22.3
2026-02-13T17:00,11.4,4.4,235,15.5
2026-02-13T18:00,10.4,8.4,289,15.5
2026-02-13T19:00,9.8,10.5,276,18.7
2026-02-13T20:00,9.2,11.4,263,23.4
2026-02-13T21:00,8.9,9.6,254,22.0
2026-02-13T22:00,8.6,9.8,262,18.4
2026-02-13T23:00,8.5,12.8,272,23.8
2026-02-14T00:00,8.4,14.9,281,27.7
2026-02-14T01:00,8.3,18.0,284,32.8
2026-02-14T02:00,8.5,20.4,288,32.8
2026-02-14T03:00,8.7,21.0,300,39.6
2026-02-14T04:00,8.2,23.7,297,43.6
2026-02-14T05:00,7.7,23.3,298,47.2
2026-02-14T06:00,7.6,21.1,300,43.9
2026-02-14T07:00,7.4,20.5,297,40.7
2026-02-14T08:00,7.7,22.1,297,40.0
2026-02-14T09:00,7.5,20.4,297,43.2
2026-02-14T10:00,7.2,21.7,301,41.4
2026-02-14T11:00,7.2,21.7,298,43.6
2026-02-14T12:00,7.6,23.4,300,46.4
2026-02-14T13:00,7.7,21.7,296,47.2
2026-02-14T14:00,7.7,24.0,304,43.2
2026-02-14T15:00,8.1,25.0,306,53.3
2026-02-14T16:00,8.6,22.0,308,51.1
2026-02-14T17:00,9.2,28.3,318,67.7
2026-02-14T18:00,8.9,24.1,313,67.3
2026-02-14T19:00,7.8,22.7,312,51.5
2026-02-14T20:00,6.9,22.6,312,47.5
2026-02-14T21:00,6.2,19.0,313,47.2
2026-02-14T22:00,6.3,19.9,314,41.8
2026-02-14T23:00,6.1,21.4,306,44.6
2026-02-15T00:00,5.4,20.6,308,45.7
2026-02-15T01:00,4.9,16.8,314,42.8
2026-02-15T02:00,5.1,14.9,301,34.9
2026-02-15T03:00,4.9,15.2,303,32.8
2026-02-15T04:00,4.3,12.8,302,32.0
2026-02-15T05:00,3.5,10.8,285,26.3
2026-02-15T06:00,3.3,8.9,264,21.2
2026-02-15T07:00,3.2,8.3,271,17.3
2026-02-15T08:00,3.5,7.4,274,16.2
2026-02-15T09:00,3.8,6.8,273,13.3
2026-02-15T10:00,5.2,9.1,280,16.9
2026-02-15T11:00,6.6,10.8,274,18.0
2026-02-15T12:00,7.9,7.7,245,18.7
2026-02-15T13:00,9.1,13.3,257,27.7
2026-02-15T14:00,9.4,13.6,262,35.3
2026-02-15T15:00,10.0,20.1,276,40.0
2026-02-15T16:00,10.5,21.4,271,43.6
2026-02-15T17:00,11.1,22.8,265,47.2
2026-02-15T18:00,10.9,24.2,265,50.4
2026-02-15T19:00,11.0,26.3,267,54.4
2026-02-15T20:00,10.4,25.0,263,55.1
2026-02-15T21:00,9.9,25.3,255,52.2
2026-02-15T22:00,9.7,28.6,257,54.4
2026-02-15T23:00,9.9,28.3,260,58.0
2026-02-16T00:00,9.9,24.1,261,55.8
2026-02-16T01:00,9.6,22.3,263,46.8
2026-02-16T02:00,9.9,19.8,266,42.8
2026-02-16T03:00,9.9,22.0,262,42.8
2026-02-16T04:00,9.8,19.7,255,42.8
2026-02-16T05:00,9.9,22.3,260,42.5
2026-02-16T06:00,9.9,22.1,263,44.3
2026-02-16T07:00,10.1,20.9,262,42.1
2026-02-16T08:00,10.5,20.1,265,40.3
2026-02-16T09:00,10.9,24.8,264,46.8
2026-02-16T10:00,11.2,28.7,262,56.2
2026-02-16T11:00,11.4,26.5,271,57.6
2026-02-16T12:00,11.5,27.3,274,58.7
2026-02-16T13:00,11.6,25.5,276,58.3
2026-02-16T14:00,11.9,29.5,284,60.8
2026-02-16T15:00,11.4,25.9,277,59.0
2026-02-16T16:00,10.6,25.4,270,52.9
2026-02-16T17:00,10.5,24.0,268,49.3
2026-02-16T18:00,10.1,27.2,268,54.7
2026-02-16T19:00,10.1,27.9,267,56.5
2026-02-16T20:00,10.0,25.5,286,61.6
2026-02-16T21:00,9.9,24.9,287,55.1
2026-02-16T22:00,9.1,24.3,282,55.1
2026-02-16T23:00,8.9,24.8,283,50.8
2026-02-17T00:00,8.4,24.0,287,50.0
2026-02-17T01:00,7.8,23.3,285,49.7
2026-02-17T02:00,8.6,22.2,291,45.4
2026-02-17T03:00,8.1,18.6,296,49.3
2026-02-17T04:00,7.5,17.2,290,37.1
2026-02-17T05:00,7.9,17.4,288,35.6
2026-02-17T06:00,7.8,16.4,289,35.3
2026-02-17T07:00,7.4,15.0,291,32.8
2026-02-17T08:00,7.6,13.7,302,30.2
2026-02-17T09:00,7.2,12.4,298,27.4
2026-02-17T10:00,7.8,12.3,291,24.8
2026-02-17T11:00,8.9,15.9,295,34.6
2026-02-17T12:00,9.4,16.5,288,35.6
2026-02-17T13:00,9.4,14.8,294,35.3
2026-02-17T14:00,9.9,12.5,305,32.0
2026-02-17T15:00,11.1,17.0,297,36.7
2026-02-17T16:00,11.1,16.1,288,37.8
2026-02-17T17:00,11.3,15.5,292,37.1
2026-02-17T18:00,10.9,12.4,300,34.2
2026-02-17T19:00,10.6,6.8,305,26.6
2026-02-17T20:00,9.9,3.5,294,14.0
2026-02-17T21:00,9.6,2.5,270,6.1
2026-02-17T22:00,9.6,5.5,207,9.4
2026-02-17T23:00,9.2,7.3,211,13.3
2026-02-18T00:00,8.6,7.1,221,13.7
2026-02-18T01:00,8.6,8.9,261,17.6
2026-02-18T02:00,8.9,8.6,269,16.9
2026-02-18T03:00,8.9,6.3,255,15.1
2026-02-18T04:00,8.3,5.2,226,11.2
2026-02-18T05:00,8.0,6.0,201,10.4
2026-02-18T06:00,7.3,6.0,185,10.8
2026-02-18T07:00,6.7,5.7,169,10.4
2026-02-18T08:00,6.7,6.7,178,11.5
2026-02-18T09:00,6.2,6.6,151,12.2
2026-02-18T10:00,7.0,8.8,141,16.9
2026-02-18T11:00,9.4,8.2,128,19.1
2026-02-18T12:00,11.6,9.3,134,22.7
2026-02-18T13:00,13.8,12.6,136,29.2
2026-02-18T14:00,15.4,14.9,134,35.6
2026-02-18T15:00,16.4,16.4,128,36.7
2026-02-18T16:00,16.6,17.1,130,38.5
2026-02-18T17:00,16.1,16.7,130,37.8
2026-02-18T18:00,14.9,15.8,145,35.6
2026-02-18T19:00,12.9,15.2,156,32.8
2026-02-18T20:00,11.6,7.6,184,29.9
2026-02-18T21:00,11.5,10.3,274,20.2
2026-02-18T22:00,9.4,25.6,293,54.0
2026-02-18T23:00,8.4,22.0,267,49.0
2026-02-19T00:00,8.9,17.3,256,46.1
2026-02-19T01:00,8.2,16.7,248,42.5
2026-02-19T02:00,8.8,18.9,266,44.3
2026-02-19T03:00,8.5,24.9,268,50.8
2026-02-19T04:00,8.1,25.3,265,51.8
2026-02-19T05:00,7.8,27.4,267,57.6
2026-02-19T06:00,7.3,26.0,265,58.0
2026-02-19T07:00,6.9,26.3,263,55.1
2026-02-19T08:00,6.5,25.8,256,60.1
2026-02-19T09:00,6.8,28.2,260,64.8
2026-02-19T10:00,6.1,27.9,259,56.9
2026-02-19T11:00,7.1,23.5,259,58.3
2026-02-19T12:00,7.7,30.1,260,61.2
2026-02-19T13:00,8.4,29.5,259,67.0
2026-02-19T14:00,9.6,29.2,260,72.7
2026-02-19T15:00,9.5,29.4,268,69.1
2026-02-19T16:00,10.1,27.9,267,73.8
2026-02-19T17:00,9.9,30.1,268,73.8
2026-02-19T18:00,9.4,32.4,270,66.6
2026-02-19T19:00,9.1,31.4,273,69.5
2026-02-19T20:00,8.5,31.4,274,66.2
2026-02-19T21:00,8.6,31.1,276,65.2
2026-02-19T22:00,8.2,30.5,277,65.5
2026-02-19T23:00,7.8,26.7,275,61.2
2026-02-20T00:00,7.7,24.0,275,53.6
2026-02-20T01:00,7.6,22.6,279,49.0
2026-02-20T02:00,8.0,23.4,286,46.1
2026-02-20T03:00,8.1,23.4,286,48.2
2026-02-20T04:00,7.8,21.5,286,46.8
2026-02-20T05:00,7.5,19.8,284,43.2
2026-02-20T06:00,7.6,19.8,285,41.0
2026-02-20T07:00,7.5,18.8,284,39.6
2026-02-20T08:00,7.1,16.9,279,38.2
2026-02-20T09:00,6.8,16.5,281,34.6
2026-02-20T10:00,7.6,14.9,281,32.8
2026-02-20T11:00,8.4,19.4,295,46.4
2026-02-20T12:00,9.4,19.1,303,44.3
2026-02-20T13:00,10.5,21.2,306,46.4
2026-02-20T14:00,10.9,18.7,300,47.2
2026-02-20T15:00,11.5,20.5,299,45.0
2026-02-20T16:00,11.6,20.5,299,46.1
2026-02-20T17:00,11.5,18.5,299,45.4
2026-02-20T18:00,11.2,16.8,299,45.7
2026-02-20T19:00,10.5,13.5,291,35.6
2026-02-20T20:00,10.0,11.2,286,28.1
2026-02-20T21:00,9.4,9.6,287,22.3
2026-02-20T22:00,9.2,9.5,284,18.7
2026-02-20T23:00,9.2,10.5,277,20.5
2026-02-21T00:00,8.6,10.6,267,20.9
2026-02-21T01:00,7.7,10.2,262,20.5
2026-02-21T02:00,8.0,9.4,272,19.4
2026-02-21T03:00,7.7,8.5,271,17.6
2026-02-21T04:00,7.3,8.7,257,16.9
2026-02-21T05:00,6.4,9.1,245,17.6
2026-02-21T06:00,6.1,6.9,263,17.3
2026-02-21T07:00,5.6,5.2,276,12.2
2026-02-21T08:00,6.1,4.9,278,9.0
2026-02-21T09:00,5.4,4.2,317,8.6
2026-02-21T10:00,7.4,6.2,352,12.2
2026-02-21T11:00,9.1,4.1,337,13.7
2026-02-21T12:00,11.0,6.0,344,16.6
2026-02-21T13:00,11.9,4.1,358,17.6
2026-02-21T14:00,12.8,4.8,338,16.6
2026-02-21T15:00,13.3,4.7,342,16.9
2026-02-21T16:00,13.7,5.4,4,17.3
2026-02-21T17:00,13.8,5.8,4,17.3
2026-02-21T18:00,13.4,5.6,360,16.6
2026-02-21T19:00,12.0,2.7,332,13.7
2026-02-21T20:00,10.2,4.8,335,6.1
2026-02-21T21:00,9.4,4.6,342,8.6
2026-02-21T22:00,8.6,3.5,9,6.8
2026-02-21T23:00,7.7,4.0,54,6.8
2026-02-22T00:00,7.0,4.6,51,8.3
2026-02-22T01:00,6.0,4.0,51,7.9
2026-02-22T02:00,5.9,1.0,31,6.8
2026-02-22T03:00,4.9,1.8,135,2.9
2026-02-22T04:00,4.2,1.2,141,4.3
2026-02-22T05:00,3.7,0.4,90,2.5
2026-02-22T06:00,3.5,0.5,90,2.5
2026-02-22T07:00,3.4,1.9,197,2.9
2026-02-22T08:00,3.2,1.3,278,4.0
2026-02-22T09:00,3.5,0.6,34,4.3
2026-02-22T10:00,4.1,0.9,127,7.2
2026-02-22T11:00,5.5,1.3,146,9.4
2026-02-22T12:00,7.4,1.5,97,10.4
2026-02-22T13:00,10.1,1.7,72,11.9
2026-02-22T14:00,12.5,1.6,90,12.2
2026-02-22T15:00,14.2,0.6,326,11.2
2026-02-22T16:00,14.8,2.3,315,11.9
2026-02-22T17:00,14.9,3.5,321,12.6
2026-02-22T18:00,14.5,3.0,343,12.2
2026-02-22T19:00,12.9,1.3,34,8.6
2026-02-22T20:00,11.4,2.8,40,3.2
2026-02-22T21:00,10.6,4.3,42,7.6
2026-02-22T22:00,9.8,2.1,52,7.2
2026-02-22T23:00,9.4,0.9,143,2.9
2026-02-23T00:00,8.4,2.4,189,3.2
2026-02-23T01:00,7.4,4.5,203,6.8
2026-02-23T02:00,7.8,6.9,250,10.1
2026-02-23T03:00,7.6,7.9,253,13.7
2026-02-23T04:00,7.1,7.9,269,14.0
2026-02-23T05:00,6.2,6.3,273,14.0
2026-02-23T06:00,6.1,5.8,270,12.2
2026-02-23T07:00,4.9,5.2,292,10.8
2026-02-23T08:00,5.3,4.6,291,8.6
2026-02-23T09:00,5.4,3.8,287,7.9
2026-02-23T10:00,6.3,5.0,311,13.3
2026-02-23T11:00,6.8,5.1,321,15.8
2026-02-23T12:00,7.4,4.0,306,15.1
2026-02-23T13:00,8.9,4.4,328,15.5
2026-02-23T14:00,10.0,4.6,334,18.0
2026-02-23T15:00,11.5,3.7,337,17.3
2026-02-23T16:00,12.6,2.3,328,15.1
2026-02-23T17:00,13.1,2.0,315,12.6
2026-02-23T18:00,13.1,1.6,333,11.2
2026-02-23T19:00,12.1,1.4,293,7.6
2026-02-23T20:00,10.6,1.5,306,2.9
2026-02-23T21:00,9.8,0.8,333,2.5
2026-02-23T22:00,9.1,0.4,63,1.8
2026-02-23T23:00,8.3,2.7,90,5.4
2026-02-24T00:00,8.1,4.0,95,7.9
2026-02-24T01:00,7.8,5.5,107,9.7
2026-02-24T02:00,6.4,4.0,126,10.1
2026-02-24T03:00,6.2,4.0,108,7.6
2026-02-24T04:00,5.9,5.3,98,9.4
2026-02-24T05:00,5.8,5.9,92,11.2
2026-02-24T06:00,5.6,5.2,90,11.5
2026-02-24T07:00,5.8,5.8,99,11.5
2026-02-24T08:00,5.6,3.1,111,11.2
2026-02-24T09:00,5.5,4.5,88,9.4
2026-02-24T10:00,6.2,5.4,90,12.6
2026-02-24T11:00,8.6,4.3,95,13.7
2026-02-24T12:00,11.7,2.7,98,12.6
2026-02-24T13:00,15.0,2.8,108,12.2
2026-02-24T14:00,17.9,3.1,114,13.0
2026-02-24T15:00,19.6,4.6,111,14.4
2026-02-24T16:00,20.6,5.7,114,15.5
2026-02-24T17:00,20.9,6.0,117,15.5
2026-02-24T18:00,20.2,4.8,121,14.4
2026-02-24T19:00,18.1,6.5,118,11.2
2026-02-24T20:00,15.3,10.3,130,18.0
2026-02-24T21:00,13.8,12.5,137,23.4
2026-02-24T22:00,12.9,13.3,140,24.8
2026-02-24T23:00,12.6,14.1,142,26.6
2026-02-25T00:00,12.2,13.6,143,26.6
2026-02-25T01:00,11.8,13.0,141,25.6
2026-02-25T02:00,11.2,13.0,137,24.8
2026-02-25T03:00,10.7,12.9,137,24.1
2026-02-25T04:00,10.4,12.7,141,23.8
2026-02-25T05:00,10.5,14.6,141,27.0
2026-02-25T06:00,10.2,16.8,141,32.0
2026-02-25T07:00,9.8,18.1,139,35.3
2026-02-25T08:00,9.3,19.1,142,37.1
2026-02-25T09:00,9.1,19.5,138,38.5
2026-02-25T10:00,10.7,17.9,135,38.5
2026-02-25T11:00,12.2,16.7,139,36.0
2026-02-25T12:00,13.6,18.8,144,41.0
2026-02-25T13:00,14.4,20.9,146,46.1
2026-02-25T14:00,14.8,20.2,141,46.4
2026-02-25T15:00,15.4,20.4,139,45.4
2026-02-25T16:00,16.0,21.4,135,46.8
2026-02-25T17:00,15.5,20.6,136,46.8
2026-02-25T18:00,14.6,19.0,135,45.0
2026-02-25T19:00,13.2,17.6,136,40.3
2026-02-25T20:00,11.6,17.8,133,36.0
2026-02-25T21:00,10.9,17.0,130,35.6
2026-02-25T22:00,10.4,16.5,128,33.8
2026-02-25T23:00,9.9,16.2,125,32.8
2026-02-26T00:00,9.6,14.9,126,31.7
2026-02-26T01:00,9.5,15.3,128,29.5
2026-02-26T02:00,9.2,14.4,128,30.2
2026-02-26T03:00,9.4,12.7,137,27.7
2026-02-26T04:00,9.8,11.1,138,23.8
2026-02-26T05:00,10.2,12.8,149,24.1
2026-02-26T06:00,10.3,14.0,149,27.0
2026-02-26T07:00,10.2,13.3,144,27.0
2026-02-26T08:00,9.6,12.2,137,25.9
2026-02-26T09:00,9.1,10.9,136,23.0
2026-02-26T10:00,9.9,12.8,138,25.2
2026-02-26T11:00,11.0,12.4,141,28.1
2026-02-26T12:00,12.9,8.6,144,27.0
2026-02-26T13:00,14.6,7.2,145,22.0
2026-02-26T14:00,16.2,6.0,143,20.5
2026-02-26T15:00,17.4,4.8,138,18.0
2026-02-26T16:00,18.1,5.2,134,16.2
2026-02-26T17:00,18.4,6.5,132,16.9
2026-02-26T18:00,17.9,7.8,134,16.9
2026-02-26T19:00,16.1,9.5,136,18.4
2026-02-26T20:00,14.3,12.3,136,22.0
2026-02-26T21:00,12.9,15.0,140,28.4
2026-02-26T22:00,11.8,16.5,140,31.7
2026-02-26T23:00,11.1,17.2,140,33.5
2026-02-27T00:00,10.6,17.5,140,34.6
2026-02-27T01:00,10.4,16.6,141,34.2
2026-02-27T02:00,9.9,15.3,142,32.4
2026-02-27T03:00,9.6,15.9,137,30.6
2026-02-27T04:00,9.8,17.1,139,33.1
2026-02-27T05:00,9.6,16.7,144,33.1
2026-02-27T06:00,9.2,18.2,146,34.9
2026-02-27T07:00,9.2,20.0,146,38.9
2026-02-27T08:00,8.9,20.5,146,41.8
2026-02-27T09:00,9.0,21.5,141,42.5
2026-02-27T10:00,10.1,21.6,141,46.1
2026-02-27T11:00,11.4,18.3,139,43.2
2026-02-27T12:00,12.5,19.3,143,42.5
2026-02-27T13:00,13.1,20.6,143,45.7
2026-02-27T14:00,13.6,17.8,142,45.7
2026-02-27T15:00,14.1,18.1,139,41.4
2026-02-27T16:00,14.4,17.0,138,41.8
2026-02-27T17:00,14.4,14.3,143,38.2
2026-02-27T18:00,13.6,13.4,158,32.4
2026-02-27T19:00,12.1,11.9,182,28.8
2026-02-27T20:00,10.3,15.5,162,32.8
2026-02-27T21:00,9.4,14.8,156,30.6
2026-02-27T22:00,9.7,11.9,155,29.9
2026-02-27T23:00,9.8,10.0,142,23.0
2026-02-28T00:00,9.8,4.7,176,19.1
2026-02-28T01:00,8.7,2.6,286,7.9
2026-02-28T02:00,9.6,4.6,171,5.4
2026-02-28T03:00,9.9,3.5,165,9.0
2026-02-28T04:00,10.1,5.1,260,8.3
2026-02-28T05:00,10.3,12.1,298,22.0
2026-02-28T06:00,10.1,10.9,292,22.7
2026-02-28T07:00,9.9,9.5,284,20.2
2026-02-28T08:00,9.8,8.9,278,18.4
2026-02-28T09:00,9.6,9.1,287,17.3
2026-02-28T10:00,9.6,9.4,293,17.6
2026-02-28T11:00,9.9,7.9,290,17.3
2026-02-28T12:00,10.3,8.4,295,19.8
2026-02-28T13:00,10.4,7.7,301,20.5
2026-02-28T14:00,10.9,8.8,311,20.5
2026-02-28T15:00,11.1,7.5,314,21.6
2026-02-28T16:00,10.9,7.4,317,19.8
2026-02-28T17:00,11.1,5.1,312,18.7
2026-02-28T18:00,10.9,4.1,315,14.4
2026-02-28T19:00,10.6,4.5,310,11.9
2026-02-28T20:00,10.3,3.5,282,10.4
2026-02-28T21:00,10.1,5.6,274,10.8
2026-02-28T22:00,9.8,6.3,277,12.6
2026-02-28T23:00,9.4,6.2,277,13.0
2026-03-01T00:00,8.9,4.1,257,11.9
2026-03-01T01:00,8.4,5.1,247,9.4
2026-03-01T02:00,8.9,4.0,280,9.7
2026-03-01T03:00,8.9,2.6,295,7.9
2026-03-01T04:00,8.5,1.8,294,4.7
2026-03-01T05:00,7.9,2.4,222,4.0
2026-03-01T06:00,7.8,3.3,229,6.5
2026-03-01T07:00,6.9,3.2,227,6.5
2026-03-01T08:00,6.2,2.3,238,5.8
2026-03-01T09:00,6.3,0.6,162,3.6
2026-03-01T10:00,7.6,1.8,114,7.6
2026-03-01T11:00,9.0,3.8,98,12.6
2026-03-01T12:00,10.6,5.7,99,16.9
2026-03-01T13:00,12.0,7.6,98,20.9
2026-03-01T14:00,13.6,5.3,108,21.6
2026-03-01T15:00,14.4,7.8,94,21.6
2026-03-01T16:00,14.9,7.6,93,22.3
2026-03-01T17:00,15.2,7.5,98,20.9
2026-03-01T18:00,15.2,7.5,111,19.4
2026-03-01T19:00,13.9,5.3,125,16.6
2026-03-01T20:00,12.6,12.1,131,16.2
2026-03-01T21:00,10.9,14.8,126,28.8
2026-03-01T22:00,10.2,16.0,128,31.3
2026-03-01T23:00,9.7,16.6,127,33.1
2026-03-02T00:00,9.4,17.0,124,33.5
2026-03-02T01:00,9.1,17.3,123,34.2
2026-03-02T02:00,8.6,14.6,125,33.8
2026-03-02T03:00,8.5,14.5,125,28.1
2026-03-02T04:00,8.6,14.8,124,28.4
2026-03-02T05:00,8.8,15.9,125,31.0
2026-03-02T06:00,8.9,16.0,126,32.0
2026-03-02T07:00,9.1,14.6,124,31.3
2026-03-02T08:00,9.1,13.2,121,28.4
2026-03-02T09:00,9.2,14.0,120,26.6
2026-03-02T10:00,10.5,15.9,122,31.3
2026-03-02T11:00,12.0,15.2,125,34.9
2026-03-02T12:00,13.1,21.6,127,46.8
2026-03-02T13:00,14.1,23.6,128,51.1
2026-03-02T14:00,15.1,22.2,124,51.5
2026-03-02T15:00,15.3,22.7,124,50.0
2026-03-02T16:00,15.4,22.8,124,50.4
2026-03-02T17:00,14.9,22.1,121,50.0
2026-03-02T18:00,14.1,19.8,121,48.2
2026-03-02T19:00,12.9,19.3,122,42.1
2026-03-02T20:00,11.6,18.4,119,40.0
2026-03-02T21:00,10.9,19.4,121,39.2
2026-03-02T22:00,10.5,20.8,124,41.8
2026-03-02T23:00,10.4,21.7,127,43.9
2026-03-03T00:00,10.3,21.8,128,44.3
2026-03-03T01:00,10.2,21.1,127,43.9
2026-03-03T02:00,10.1,17.5,125,42.1
2026-03-03T03:00,9.9,16.8,122,34.6
2026-03-03T04:00,9.8,17.1,122,33.5
2026-03-03T05:00,9.9,16.0,117,33.5
2026-03-03T06:00,9.6,13.7,115,31.0
2026-03-03T07:00,9.6,13.8,116,26.6
2026-03-03T08:00,9.9,13.4,117,28.1
2026-03-03T09:00,10.1,13.3,111,26.6
2026-03-03T10:00,11.4,13.8,112,27.0
2026-03-03T11:00,12.9,19.2,127,38.9
2026-03-03T12:00,14.2,22.0,127,47.2
2026-03-03T13:00,15.6,22.1,130,47.2
2026-03-03T14:00,16.2,22.4,133,49.0
2026-03-03T15:00,16.5,20.7,129,47.5
2026-03-03T16:00,16.5,19.3,127,45.4
2026-03-03T17:00,16.2,20.0,125,44.6
2026-03-03T18:00,15.4,17.2,121,43.6
2026-03-03T19:00,14.4,16.7,123,37.1
2026-03-03T20:00,13.1,15.1,121,34.6
2026-03-03T21:00,12.1,14.7,118,30.2
2026-03-03T22:00,11.5,14.0,114,29.5
2026-03-03T23:00,10.9,13.0,112,27.7
2026-03-04T00:00,10.6,12.7,111,25.2
2026-03-04T01:00,10.5,13.9,114,26.6
2026-03-04T02:00,10.8,15.9,121,31.3
2026-03-04T03:00,10.8,16.8,121,32.8
2026-03-04T04:00,10.9,18.5,120,36.7
2026-03-04T05:00,10.9,18.8,117,38.2
2026-03-04T06:00,10.9,17.9,115,37.8
2026-03-04T07:00,10.8,17.3,117,35.6
2026-03-04T08:00,10.8,14.8,114,34.6
2026-03-04T09:00,10.6,14.4,110,29.5
2026-03-04T10:00,12.1,16.8,111,32.4
2026-03-04T11:00,13.6,15.7,110,35.3
2026-03-04T12:00,14.7,20.3,115,44.3
2026-03-04T13:00,15.6,22.3,120,49.0
2026-03-04T14:00,16.1,21.9,125,51.5
2026-03-04T15:00,16.6,24.6,126,53.6
2026-03-04T16:00,16.5,23.7,123,54.0
2026-03-04T17:00,16.1,23.6,122,52.2
2026-03-04T18:00,15.5,21.5,121,51.1
2026-03-04T19:00,14.5,19.5,121,45.7
2026-03-04T20:00,13.4,16.8,119,40.7
2026-03-04T21:00,12.4,17.5,114,34.9
2026-03-04T22:00,12.0,18.4,114,37.1
2026-03-04T23:00,11.9,21.8,120,43.2
2026-03-05T00:00,11.9,24.7,125,50.0
2026-03-05T01:00,11.9,26.4,126,54.0
2026-03-05T02:00,12.3,26.2,129,54.4
2026-03-05T03:00,12.4,27.0,130,55.1
2026-03-05T04:00,12.1,25.0,128,55.1
2026-03-05T05:00,11.8,22.8,127,50.8
2026-03-05T06:00,11.6,22.5,124,46.1
2026-03-05T07:00,11.6,26.9,125,54.4
2026-03-05T08:00,11.9,23.5,126,56.5
2026-03-05T09:00,12.1,26.3,123,53.6
2026-03-05T10:00,12.8,26.3,122,58.7
2026-03-05T11:00,13.6,23.2,116,50.0
2026-03-05T12:00,14.1,26.1,117,56.5
2026-03-05T13:00,14.7,31.4,124,67.3
2026-03-05T14:00,14.6,32.0,126,67.3
2026-03-05T15:00,14.4,27.8,125,68.0
2026-03-05T16:00,14.5,25.7,124,61.2
2026-03-05T17:00,14.1,22.1,125,54.7
2026-03-05T18:00,13.4,14.9,124,46.4
2026-03-05T19:00,12.9,13.0,89,31.3
2026-03-05T20:00,12.2,15.4,97,31.0
2026-03-05T21:00,12.1,10.7,96,29.9
2026-03-05T22:00,12.2,15.6,117,29.9
2026-03-05T23:00,12.2,20.8,132,43.6
2026-03-06T00:00,12.1,23.7,129,46.8
2026-03-06T01:00,12.3,24.8,123,51.5
2026-03-06T02:00,12.6,21.0,118,52.2
2026-03-06T03:00,12.4,19.7,113,42.5
2026-03-06T04:00,12.6,19.7,113,41.4
2026-03-06T05:00,12.6,15.9,112,40.0
2026-03-06T06:00,12.4,14.6,109,32.0
2026-03-06T07:00,12.1,15.4,113,31.0
2026-03-06T08:00,11.8,15.1,116,32.0
2026-03-06T09:00,11.9,13.4,114,30.2
2026-03-06T10:00,12.7,12.7,113,26.6
2026-03-06T11:00,13.8,8.5,94,27.4
2026-03-06T12:00,14.9,11.9,105,25.6
2026-03-06T13:00,14.2,16.9,114,35.6
2026-03-06T14:00,14.0,11.2,108,36.0
2026-03-06T15:00,14.2,10.5,110,35.6
2026-03-06T16:00,13.7,10.1,93,37.1
2026-03-06T17:00,13.7,13.0,100,28.4
2026-03-06T18:00,12.6,13.8,76,27.0
2026-03-06T19:00,11.6,15.0,73,29.5
2026-03-06T20:00,11.2,12.6,79,29.2
2026-03-06T21:00,10.9,12.2,62,23.8
2026-03-06T22:00,10.8,12.2,66,22.0
2026-03-06T23:00,10.4,13.0,73,24.5
2026-03-07T00:00,10.4,13.5,76,25.6
2026-03-07T01:00,11.1,13.9,86,27.0
2026-03-07T02:00,11.9,17.7,102,32.0
2026-03-07T03:00,12.1,17.9,103,37.8
2026-03-07T04:00,12.0,17.7,103,36.4
2026-03-07T05:00,11.9,18.6,106,37.4
2026-03-07T06:00,12.1,22.0,115,44.6
2026-03-07T07:00,12.1,24.2,117,49.7
2026-03-07T08:00,12.1,22.3,113,49.7
2026-03-07T09:00,11.9,19.6,109,45.7
2026-03-07T10:00,12.8,17.0,117,40.0
2026-03-07T11:00,13.9,20.4,106,42.8
2026-03-07T12:00,14.9,22.2,104,49.0
2026-03-07T13:00,15.6,20.0,98,48.2
2026-03-07T14:00,16.7,19.2,110,49.3
2026-03-07T15:00,16.8,20.4,119,45.0
2026-03-07T16:00,16.7,19.6,119,46.1
2026-03-07T17:00,16.5,17.6,112,42.8
2026-03-07T18:00,16.0,14.9,108,38.5
2026-03-07T19:00,14.8,12.7,113,32.0
2026-03-07T20:00,13.4,9.8,113,25.9
2026-03-07T21:00,11.9,10.6,108,20.2
2026-03-07T22:00,11.2,10.6,104,20.9
2026-03-07T23:00,10.8,11.1,112,21.2
2026-03-08T00:00,10.4,12.6,115,24.5
2026-03-08T01:00,10.0,12.9,118,25.6
2026-03-08T02:00,9.6,9.5,129,27.0
2026-03-08T03:00,9.8,12.7,129,23.8
2026-03-08T04:00,9.9,15.1,131,28.8
2026-03-08T05:00,9.9,16.6,133,32.8
2026-03-08T06:00,10.1,15.7,139,32.8
2026-03-08T07:00,10.2,13.9,147,31.0
2026-03-08T08:00,10.1,10.6,156,27.4
2026-03-08T09:00,10.1,10.3,149,20.5
2026-03-08T10:00,10.6,12.3,153,23.0
2026-03-08T11:00,11.4,10.9,146,25.2
2026-03-08T12:00,12.4,12.0,143,28.4
2026-03-08T13:00,13.6,12.7,148,32.0
2026-03-08T14:00,13.7,10.3,168,30.2
2026-03-08T15:00,14.0,7.6,166,24.1
2026-03-08T16:00,14.4,6.9,163,22.0
2026-03-08T17:00,14.8,6.2,172,20.5
2026-03-08T18:00,14.1,8.3,153,18.7
2026-03-08T19:00,12.4,9.0,157,21.6
2026-03-08T20:00,11.8,0.5,135,16.2
2026-03-08T21:00,10.9,4.4,161,7.6
2026-03-08T22:00,10.2,5.5,139,9.7
2026-03-08T23:00,9.4,6.6,111,11.2
2026-03-09T00:00,9.1,8.0,113,14.0
2026-03-09T01:00,9.1,8.0,118,15.5
2026-03-09T02:00,9.4,6.0,81,14.8
2026-03-09T03:00,9.0,4.2,110,11.2
2026-03-09T04:00,9.4,5.9,125,9.4
2026-03-09T05:00,10.3,11.7,131,21.6
2026-03-09T06:00,10.4,11.5,140,24.1
2026-03-09T07:00,10.1,10.7,138,22.3
2026-03-09T08:00,9.8,8.7,142,21.2
2026-03-09T09:00,9.9,7.9,139,16.2
2026-03-09T10:00,10.9,12.4,147,26.6
2026-03-09T11:00,11.6,13.0,152,29.2
2026-03-09T12:00,12.7,9.8,145,28.1
2026-03-09T13:00,13.8,10.2,139,25.2
2026-03-09T14:00,14.3,9.7,140,25.6
2026-03-09T15:00,15.2,7.1,142,24.5
2026-03-09T16:00,15.4,6.9,137,19.8
2026-03-09T17:00,15.6,9.5,141,22.7
2026-03-09T18:00,14.6,14.8,132,32.0
2026-03-09T19:00,13.5,14.3,134,32.4
2026-03-09T20:00,12.2,12.7,129,29.5
2026-03-09T21:00,11.0,12.0,134,25.2
2026-03-09T22:00,10.1,9.8,131,23.4
2026-03-09T23:00,9.4,9.3,119,19.1
2026-03-10T00:00,8.7,5.7,118,17.3
2026-03-10T01:00,7.4,2.2,76,9.7
2026-03-10T02:00,7.2,4.0,85,8.6
2026-03-10T03:00,6.9,3.5,99,7.2
2026-03-10T04:00,6.8,3.0,104,5.8
2026-03-10T05:00,7.0,2.8,75,5.0
2026-03-10T06:00,7.2,2.9,101,5.4
2026-03-10T07:00,7.8,4.0,153,5.8
2026-03-10T08:00,8.6,3.8,172,11.2
2026-03-10T09:00,9.3,6.4,155,10.8
2026-03-10T10:00,10.0,8.8,163,19.4
2026-03-10T11:00,10.4,7.4,184,19.8
2026-03-10T12:00,10.9,4.2,198,18.4
2026-03-10T13:00,11.7,2.7,188,13.7
2026-03-10T14:00,13.1,2.3,209,12.2
2026-03-10T15:00,14.3,2.7,233,13.3
2026-03-10T16:00,14.7,3.2,243,14.4
2026-03-10T17:00,14.9,3.4,276,14.0
2026-03-10T18:00,14.6,4.4,305,13.7
2026-03-10T19:00,13.9,3.6,303,13.3
2026-03-10T20:00,12.6,2.0,315,7.6
2026-03-10T21:00,12.1,0.0,270,2.9
2026-03-10T22:00,11.1,3.3,131,5.8
2026-03-10T23:00,10.2,10.4,141,18.0
2026-03-11T00:00,9.6,10.3,147,20.5
2026-03-11T01:00,9.2,8.8,152,19.4
2026-03-11T02:00,8.9,9.6,152,18.0
2026-03-11T03:00,8.6,10.9,156,20.2
2026-03-11T04:00,8.1,10.6,157,20.9
2026-03-11T05:00,8.1,11.7,157,22.0
2026-03-11T06:00,8.4,11.0,157,22.7
2026-03-11T07:00,8.7,9.4,157,20.5
2026-03-11T08:00,8.9,10.1,163,18.7
2026-03-11T09:00,8.6,12.5,162,23.8
2026-03-11T10:00,9.4,13.5,161,28.1
2026-03-11T11:00,11.1,9.3,161,28.4
2026-03-11T12:00,12.9,7.1,174,22.7
2026-03-11T13:00,13.6,4.5,220,19.1
2026-03-11T14:00,13.4,7.9,282,18.0
2026-03-11T15:00,13.1,10.1,273,21.6
2026-03-11T16:00,12.4,11.1,262,23.4
2026-03-11T17:00,12.4,8.2,256,23.4
2026-03-11T18:00,12.2,11.8,244,22.7
2026-03-11T19:00,12.1,17.5,261,34.9
2026-03-11T20:00,11.6,16.1,274,36.0
2026-03-11T21:00,11.1,14.8,273,32.8
2026-03-11T22:00,10.9,17.3,286,34.6
2026-03-11T23:00,10.2,12.2,294,33.1
2026-03-12T00:00,9.4,11.6,292,25.2
2026-03-12T01:00,8.9,11.9,281,24.1
2026-03-12T02:00,9.4,12.6,294,23.8
2026-03-12T03:00,9.0,10.3,297,23.0
2026-03-12T04:00,8.6,8.5,295,20.2
2026-03-12T05:00,8.5,7.9,291,16.6
2026-03-12T06:00,8.5,7.9,297,18.0
2026-03-12T07:00,8.4,6.5,309,15.8
2026-03-12T08:00,8.6,5.4,323,13.3
2026-03-12T09:00,8.5,4.3,343,10.4
2026-03-12T10:00,8.8,2.5,330,11.2
2026-03-12T11:00,9.4,1.0,202,9.4
2026-03-12T12:00,10.6,3.2,243,12.6
2026-03-12T13:00,11.5,5.1,276,16.6
2026-03-12T14:00,12.9,7.9,313,22.0
2026-03-12T15:00,13.6,9.6,307,24.5
2026-03-12T16:00,14.3,11.2,303,27.0
2026-03-12T17:00,14.4,9.8,317,27.0
2026-03-12T18:00,14.1,10.3,314,24.1
2026-03-12T19:00,13.3,7.7,327,23.4
2026-03-12T20:00,11.4,8.6,358,16.2
2026-03-12T21:00,10.0,8.2,32,16.9
2026-03-12T22:00,8.9,5.3,72,15.5
2026-03-12T23:00,8.3,4.6,108,9.7
2026-03-13T00:00,7.6,5.1,135,9.4
2026-03-13T01:00,6.7,6.4,153,11.2
2026-03-13T02:00,6.2,5.7,152,12.2
2026-03-13T03:00,5.7,7.5,132,13.3
2026-03-13T04:00,5.5,7.9,129,14.4
2026-03-13T05:00,5.3,7.0,119,14.0
2026-03-13T06:00,5.1,6.3,114,12.6
2026-03-13T07:00,4.8,5.3,108,11.5
2026-03-13T08:00,4.2,5.1,129,10.4
2026-03-13T09:00,4.5,7.4,129,13.0
2026-03-13T10:00,7.1,6.4,137,14.8
2026-03-13T11:00,10.5,2.4,144,14.0
2026-03-13T12:00,13.3,3.1,156,13.0
2026-03-13T13:00,15.3,5.1,162,16.9
2026-03-13T14:00,16.9,4.2,170,17.6
2026-03-13T15:00,17.8,3.1,187,15.1
2026-03-13T16:00,18.0,1.8,225,13.3
2026-03-13T17:00,18.0,1.1,252,10.8
2026-03-13T18:00,17.6,4.5,196,11.9
2026-03-13T19:00,16.4,5.3,188,13.7
2026-03-13T20:00,14.5,6.1,178,10.8
2026-03-13T21:00,13.6,8.5,173,14.8
2026-03-13T22:00,12.6,10.2,166,20.2
2026-03-13T23:00,11.6,15.0,294,29.2
2026-03-14T00:00,11.5,14.7,301,28.1
2026-03-14T01:00,10.9,12.8,290,28.4
2026-03-14T02:00,10.5,12.6,289,24.1
2026-03-14T03:00,9.9,12.6,272,25.2
2026-03-14T04:00,9.4,16.9,270,32.8
2026-03-14T05:00,8.7,15.0,273,32.4
2026-03-14T06:00,8.1,17.8,278,31.7
2026-03-14T07:00,7.8,17.9,285,37.1
2026-03-14T08:00,7.2,17.3,298,35.3
2026-03-14T09:00,6.8,17.2,297,33.8
2026-03-14T10:00,6.4,18.5,303,37.4
2026-03-14T11:00,6.8,16.6,307,40.7
2026-03-14T12:00,7.5,15.7,300,40.3
2026-03-14T13:00,8.2,16.3,292,43.2
2026-03-14T14:00,9.1,17.5,302,45.0
2026-03-14T15:00,9.8,19.6,302,45.0
2026-03-14T16:00,9.6,19.1,308,46.8
2026-03-14T17:00,10.0,17.7,310,43.9
2026-03-14T18:00,9.9,18.5,311,43.2
2026-03-14T19:00,8.9,14.7,306,41.4
2026-03-14T20:00,7.8,15.2,286,31.3
2026-03-14T21:00,6.7,16.6,282,34.2
2026-03-14T22:00,5.8,16.9,279,34.6
2026-03-14T23:00,5.6,16.2,287,34.6
2026-03-15T00:00,5.4,13.9,297,33.1
2026-03-15T01:00,5.1,12.9,302,28.1
2026-03-15T02:00,5.1,15.4,307,27.4
2026-03-15T03:00,4.8,15.8,313,32.0
2026-03-15T04:00,4.4,15.6,309,33.1
2026-03-15T05:00,3.8,14.6,310,32.4
2026-03-15T06:00,3.7,15.0,315,30.6
2026-03-15T07:00,3.4,14.4,313,30.6
2026-03-15T08:00,3.0,15.3,321,29.2
2026-03-15T09:00,3.5,16.0,313,32.0
2026-03-15T10:00,4.8,15.5,306,33.8
2026-03-15T11:00,6.4,18.4,306,41.0
2026-03-15T12:00,8.1,20.7,303,46.4
2026-03-15T13:00,9.4,21.0,298,47.9
2026-03-15T14:00,11.1,21.7,298,47.5
2026-03-15T15:00,11.6,21.3,302,49.7
2026-03-15T16:00,11.8,20.4,314,48.6
2026-03-15T17:00,11.8,20.9,316,46.4
2026-03-15T18:00,11.4,19.6,315,46.4
2026-03-15T19:00,10.4,14.8,297,45.7
2026-03-15T20:00,9.4,15.1,287,31.3
2026-03-15T21:00,8.6,13.9,291,30.2
2026-03-15T22:00,7.8,12.0,296,27.7
2026-03-15T23:00,7.0,9.6,303,23.0
2026-03-16T00:00,6.2,9.4,308,18.0
2026-03-16T01:00,5.6,9.6,296,18.7
2026-03-16T02:00,5.4,10.7,290,18.4
2026-03-16T03:00,4.8,8.1,274,20.2
2026-03-16T04:00,4.2,9.3,261,17.3
2026-03-16T05:00,3.8,8.5,272,17.6
2026-03-16T06:00,3.5,7.6,270,15.5
2026-03-16T07:00,3.5,7.8,257,14.0
2026-03-16T08:00,3.5,7.4,266,14.4
2026-03-16T09:00,4.4,5.8,274,12.6
2026-03-16T10:00,6.6,2.2,294,10.8
2026-03-16T11:00,8.9,2.3,238,11.2
2026-03-16T12:00,11.1,6.0,265,18.4
2026-03-16T13:00,12.6,11.1,300,28.1
2026-03-16T14:00,13.4,9.6,310,28.4
2026-03-16T15:00,13.9,10.2,307,25.2
2026-03-16T16:00,14.3,13.7,291,30.6
2026-03-16T17:00,14.6,14.1,289,32.8
2026-03-16T18:00,14.4,12.6,304,32.0
2026-03-16T19:00,13.4,8.9,341,27.7
2026-03-16T20:00,11.9,8.4,353,19.1
2026-03-16T21:00,11.1,8.5,360,16.2
2026-03-16T22:00,10.1,8.3,5,16.9
2026-03-16T23:00,9.1,6.4,11,15.5
2026-03-17T00:00,7.8,4.5,2,11.5
2026-03-17T01:00,7.1,4.3,360,7.2
2026-03-17T02:00,6.6,3.1,24,7.2
2026-03-17T03:00,6.1,2.1,128,4.0
2026-03-17T04:00,5.4,3.4,122,5.4
2026-03-17T05:00,5.6,4.9,84,8.6
2026-03-17T06:00,5.7,6.6,69,11.5
2026-03-17T07:00,5.3,5.6,84,11.9
2026-03-17T08:00,4.3,3.8,98,10.1
2026-03-17T09:00,4.8,6.2,123,10.8
2026-03-17T10:00,7.3,5.0,109,13.0
2026-03-17T11:00,10.5,4.9,88,15.1
2026-03-17T12:00,13.1,6.8,79,19.8
2026-03-17T13:00,15.4,6.2,73,20.2
2026-03-17T14:00,17.7,6.0,65,19.1
2026-03-17T15:00,19.0,6.3,72,19.1
2026-03-17T16:00,19.8,6.7,82,18.7
2026-03-17T17:00,20.0,7.9,94,19.8
2026-03-17T18:00,19.6,8.3,117,19.8
2026-03-17T19:00,18.0,10.0,139,18.7
2026-03-17T20:00,15.4,16.8,138,31.0
2026-03-17T21:00,13.9,17.6,137,33.8
2026-03-17T22:00,13.1,19.0,137,36.7
2026-03-17T23:00,12.5,18.7,136,37.1
2026-03-18T00:00,12.1,17.1,127,36.4
2026-03-18T01:00,11.4,14.4,113,33.1
2026-03-18T02:00,10.6,12.5,108,27.7
2026-03-18T03:00,9.7,11.0,100,23.4
2026-03-18T04:00,9.0,10.0,99,20.5
2026-03-18T05:00,8.5,8.4,101,18.4
2026-03-18T06:00,8.1,8.0,99,15.5
2026-03-18T07:00,7.7,7.5,101,14.8
2026-03-18T08:00,6.7,6.4,115,13.3
2026-03-18T09:00,8.2,10.3,123,18.0
2026-03-18T10:00,10.8,10.0,116,20.2
2026-03-18T11:00,13.1,9.9,109,23.0
2026-03-18T12:00,15.1,10.1,110,25.6
2026-03-18T13:00,16.6,9.4,119,25.6
2026-03-18T14:00,18.6,9.9,123,24.8
2026-03-18T15:00,19.3,11.6,134,28.1
2026-03-18T16:00,19.0,16.0,140,35.6
2026-03-18T17:00,17.3,23.6,138,50.0
2026-03-18T18:00,15.2,27.0,127,56.2
2026-03-18T19:00,12.7,26.3,122,59.8
2026-03-18T20:00,11.9,27.9,122,60.1
2026-03-18T21:00,11.4,28.8,123,59.4
2026-03-18T22:00,11.0,30.2,125,62.6
2026-03-18T23:00,10.7,30.9,123,63.7
2026-03-19T00:00,10.6,30.6,121,64.1
2026-03-19T01:00,10.3,31.5,120,65.2
2026-03-19T02:00,10.6,30.7,119,68.4
2026-03-19T03:00,10.4,31.7,122,65.2
2026-03-19T04:00,10.2,30.0,118,65.2
2026-03-19T05:00,10.0,26.8,110,61.6
2026-03-19T06:00,9.8,26.0,111,55.1
2026-03-19T07:00,9.7,24.8,106,53.3
2026-03-19T08:00,9.7,20.5,93,50.4
2026-03-19T09:00,10.0,21.4,100,43.6
2026-03-19T10:00,11.2,18.4,88,46.4
2026-03-19T11:00,12.4,24.0,108,51.1
2026-03-19T12:00,13.4,26.5,113,58.3
2026-03-19T13:00,14.6,26.8,117,59.0
2026-03-19T14:00,15.3,26.0,114,60.5
2026-03-19T15:00,15.8,24.7,114,57.2
2026-03-19T16:00,15.6,22.7,111,54.7
2026-03-19T17:00,15.6,21.6,111,50.8
2026-03-19T18:00,15.1,19.2,110,47.5
2026-03-19T19:00,14.0,17.4,109,41.4
2026-03-19T20:00,12.7,13.4,102,36.0
2026-03-19T21:00,11.2,11.4,103,26.6
2026-03-19T22:00,10.3,12.0,123,22.7
2026-03-19T23:00,9.6,11.9,105,25.2
2026-03-20T00:00,8.3,10.1,85,22.7
2026-03-20T01:00,7.6,9.6,84,18.7
2026-03-20T02:00,7.1,10.0,84,18.0
2026-03-20T03:00,6.3,9.6,82,18.7
2026-03-20T04:00,5.9,9.3,75,18.4
2026-03-20T05:00,5.4,8.9,71,17.6
2026-03-20T06:00,5.0,8.9,76,16.9
2026-03-20T07:00,4.8,7.7,79,16.6
2026-03-20T08:00,4.6,7.6,71,14.0
2026-03-20T09:00,5.2,9.6,70,17.3
2026-03-20T10:00,8.4,9.1,63,18.4
2026-03-20T11:00,11.8,5.4,56,16.6
2026-03-20T12:00,14.6,8.9,96,22.0
2026-03-20T13:00,16.1,14.3,118,33.1
2026-03-20T14:00,17.4,16.0,123,35.3
2026-03-20T15:00,17.8,13.8,121,36.7
2026-03-20T16:00,18.0,11.8,119,32.4
2026-03-20T17:00,17.9,10.1,115,28.1
2026-03-20T18:00,17.3,8.9,109,24.1
2026-03-20T19:00,16.0,6.6,125,19.4
2026-03-20T20:00,13.6,13.1,150,16.9
2026-03-20T21:00,11.6,14.5,138,28.1
2026-03-20T22:00,10.6,13.2,135,27.7
2026-03-20T23:00,9.7,13.0,143,25.6
2026-03-21T00:00,9.1,11.4,139,24.8
2026-03-21T01:00,8.2,7.1,124,21.2
2026-03-21T02:00,6.8,4.8,115,13.0
2026-03-21T03:00,5.8,4.3,92,9.0
2026-03-21T04:00,4.9,4.3,85,8.6
2026-03-21T05:00,3.8,3.1,103,8.3
2026-03-21T06:00,3.5,2.6,102,5.8
2026-03-21T07:00,3.3,4.2,110,6.8
2026-03-21T08:00,3.4,6.0,123,9.7
2026-03-21T09:00,5.2,9.0,123,15.5
2026-03-21T10:00,8.1,7.6,133,17.3
2026-03-21T11:00,10.9,7.6,133,19.8
2026-03-21T12:00,13.1,8.1,129,22.0
2026-03-21T13:00,14.6,6.8,119,22.0
2026-03-21T14:00,16.2,4.8,112,20.5
2026-03-21T15:00,17.2,3.7,76,16.6
2026-03-21T16:00,17.6,3.4,47,15.5
2026-03-21T17:00,17.6,3.6,30,14.8
2026-03-21T18:00,17.4,3.6,37,13.7
2026-03-21T19:00,16.7,1.8,45,11.5
2026-03-21T20:00,15.1,0.9,323,3.2
2026-03-21T21:00,14.1,1.1,279,2.9
2026-03-21T22:00,12.4,7.9,160,11.9
2026-03-21T23:00,9.8,11.5,155,23.4
2026-03-22T00:00,8.8,5.8,171,21.2
2026-03-22T01:00,8.2,5.8,150,10.4
2026-03-22T02:00,7.5,4.8,153,13.7
2026-03-22T03:00,7.2,7.8,171,14.8
2026-03-22T04:00,6.9,5.3,188,14.4
2026-03-22T05:00,6.7,5.4,194,10.1
2026-03-22T06:00,6.2,5.2,209,10.1
2026-03-22T07:00,6.5,7.7,234,14.0
2026-03-22T08:00,6.2,8.0,245,15.1
2026-03-22T09:00,7.2,9.3,243,16.9
2026-03-22T10:00,9.3,7.9,249,18.4
2026-03-22T11:00,11.6,8.1,266,21.2
2026-03-22T12:00,13.4,10.9,286,27.7
2026-03-22T13:00,14.9,14.7,290,34.9
2026-03-22T14:00,16.1,16.7,298,40.7
2026-03-22T15:00,16.4,17.2,307,40.0
2026-03-22T16:00,16.5,17.2,312,40.7
2026-03-22T17:00,16.0,14.6,315,39.2
2026-03-22T18:00,15.4,11.9,322,33.5
2026-03-22T19:00,14.6,10.2,324,25.9
2026-03-22T20:00,13.4,4.7,288,20.2
2026-03-22T21:00,12.1,8.8,227,15.8
2026-03-22T22:00,10.4,3.5,15,16.2
2026-03-22T23:00,10.1,5.3,278,9.0
2026-03-23T00:00,9.1,4.3,246,10.1
2026-03-23T01:00,8.8,5.3,252,9.0
2026-03-23T02:00,7.8,4.2,223,10.8
2026-03-23T03:00,7.6,1.0,292,5.4
2026-03-23T04:00,6.8,1.2,141,1.8
2026-03-23T05:00,6.4,3.3,174,5.4
2026-03-23T06:00,6.3,3.3,167,5.8
2026-03-23T07:00,6.8,5.4,206,9.7
2026-03-23T08:00,7.0,4.2,205,11.2
2026-03-23T09:00,7.4,4.6,222,11.2
2026-03-23T10:00,8.1,4.0,249,13.0
2026-03-23T11:00,9.1,2.2,270,13.0
2026-03-23T12:00,10.4,2.7,318,13.0
2026-03-23T13:00,12.1,3.9,326,16.2
2026-03-23T14:00,12.9,3.2,317,17.3
2026-03-23T15:00,13.9,3.1,310,15.8
2026-03-23T16:00,14.5,5.1,328,18.7
2026-03-23T17:00,14.8,6.6,325,20.2
2026-03-23T18:00,14.5,7.6,308,19.8
2026-03-23T19:00,13.9,7.9,300,19.8
2026-03-23T20:00,12.4,8.0,290,16.6
2026-03-23T21:00,11.3,5.1,262,15.1
2026-03-23T22:00,10.4,5.0,268,9.0
2026-03-23T23:00,9.9,5.6,277,10.1
2026-03-24T00:00,8.9,5.2,290,10.1
2026-03-24T01:00,8.2,2.9,277,8.3
2026-03-24T02:00,7.1,4.3,268,4.3
2026-03-24T03:00,6.4,4.1,236,6.8
2026-03-24T04:00,6.2,5.3,218,10.1
2026-03-24T05:00,5.5,3.2,232,9.4
2026-03-24T06:00,5.0,4.8,217,7.2
2026-03-24T07:00,4.8,4.9,216,8.6
2026-03-24T08:00,3.8,4.4,218,8.3
2026-03-24T09:00,5.3,3.6,186,7.6
2026-03-24T10:00,7.4,2.0,265,9.7
2026-03-24T11:00,9.5,1.5,300,11.2
2026-03-24T12:00,11.7,1.9,304,13.3
2026-03-24T13:00,13.8,3.3,299,15.5
2026-03-24T14:00,15.8,4.0,306,18.4
2026-03-24T15:00,16.6,4.0,321,17.3
2026-03-24T16:00,17.0,3.6,340,17.3
2026-03-24T17:00,17.0,3.1,3,15.8
2026-03-24T18:00,16.7,3.4,357,13.7
2026-03-24T19:00,16.1,3.2,344,12.2
2026-03-24T20:00,14.2,3.2,341,7.6
2026-03-24T21:00,12.8,1.8,11,5.8
2026-03-24T22:00,11.7,1.1,99,2.9
2026-03-24T23:00,10.8,2.1,142,3.6
2026-03-25T00:00,9.9,3.8,169,6.8
2026-03-25T01:00,8.9,4.3,185,7.9
2026-03-25T02:00,7.9,2.5,210,6.8
2026-03-25T03:00,7.3,2.2,185,3.6
2026-03-25T04:00,7.2,5.9,166,11.9
2026-03-25T05:00,5.9,3.8,180,11.2
2026-03-25T06:00,5.7,4.3,208,6.8
2026-03-25T07:00,6.1,6.9,247,11.5
2026-03-25T08:00,6.2,11.5,267,22.3
2026-03-25T09:00,7.3,13.9,271,26.3
2026-03-25T10:00,9.1,12.8,269,28.1
2026-03-25T11:00,11.1,13.2,268,31.3
2026-03-25T12:00,13.1,17.9,276,41.4
2026-03-25T13:00,14.2,26.8,280,59.0
2026-03-25T14:00,12.9,26.4,279,59.4
2026-03-25T15:00,12.5,26.7,280,60.5
2026-03-25T16:00,11.7,22.0,290,57.2
2026-03-25T17:00,11.2,21.7,306,49.7
2026-03-25T18:00,12.1,26.8,306,58.7
2026-03-25T19:00,10.6,24.3,307,63.7
2026-03-25T20:00,10.1,21.4,298,51.1
2026-03-25T21:00,8.9,20.6,293,45.7
2026-03-25T22:00,8.4,22.6,291,46.8
2026-03-25T23:00,7.9,22.6,287,47.9
2026-03-26T00:00,7.7,22.0,287,47.2
2026-03-26T01:00,6.9,21.7,294,47.2
2026-03-26T02:00,6.4,21.0,291,45.4
2026-03-26T03:00,6.1,19.4,291,43.6
2026-03-26T04:00,5.5,19.1,298,40.7
2026-03-26T05:00,5.2,18.0,292,40.0
2026-03-26T06:00,4.8,16.7,296,37.4
2026-03-26T07:00,4.2,15.2,296,34.9
2026-03-26T08:00,4.1,15.1,299,31.3
2026-03-26T09:00,4.6,13.3,297,31.0
2026-03-26T10:00,5.8,15.5,297,34.9
2026-03-26T11:00,6.9,17.8,303,41.4
2026-03-26T12:00,8.1,19.5,306,44.6
2026-03-26T13:00,9.1,22.9,309,51.8
2026-03-26T14:00,10.4,23.6,313,53.6
2026-03-26T15:00,10.3,24.2,316,54.0
2026-03-26T16:00,10.1,24.6,316,55.8
2026-03-26T17:00,10.1,24.8,316,55.4
2026-03-26T18:00,9.6,23.2,318,54.7
2026-03-26T19:00,9.4,18.5,316,50.4
2026-03-26T20:00,9.2,16.5,311,40.0
2026-03-26T21:00,8.4,16.1,304,34.2
2026-03-26T22:00,8.1,16.5,304,34.6
2026-03-26T23:00,7.7,16.5,305,34.6
2026-03-27T00:00,7.2,15.0,307,34.2
2026-03-27T01:00,6.6,13.5,304,31.0
2026-03-27T02:00,7.1,13.7,309,27.4
2026-03-27T03:00,6.6,13.3,306,28.1
2026-03-27T04:00,5.8,12.5,305,27.4
2026-03-27T05:00,5.2,11.5,310,25.2
2026-03-27T06:00,4.7,10.2,307,23.4
2026-03-27T07:00,4.0,8.6,301,20.2
2026-03-27T08:00,3.9,9.8,294,16.9
2026-03-27T09:00,4.6,8.6,286,19.1
2026-03-27T10:00,6.1,10.6,289,25.6
2026-03-27T11:00,7.9,13.8,306,33.1
2026-03-27T12:00,9.1,16.4,315,39.2
2026-03-27T13:00,9.9,17.3,314,42.1
2026-03-27T14:00,10.9,17.7,316,43.2
2026-03-27T15:00,11.4,17.8,322,43.6
2026-03-27T16:00,11.7,17.5,320,43.9
2026-03-27T17:00,11.9,18.3,323,45.0
2026-03-27T18:00,11.6,18.5,324,43.6
2026-03-27T19:00,11.1,17.0,324,42.5
2026-03-27T20:00,10.1,14.3,289,38.2
2026-03-27T21:00,9.1,14.0,288,29.2
2026-03-27T22:00,8.3,13.9,294,28.4
2026-03-27T23:00,7.6,13.2,302,28.1
2026-03-28T00:00,6.6,9.5,307,25.9
2026-03-28T01:00,5.6,7.4,302,18.4
2026-03-28T02:00,5.1,6.9,290,13.7
2026-03-28T03:00,4.5,6.1,302,12.6
2026-03-28T04:00,4.0,6.8,305,12.6
2026-03-28T05:00,3.7,6.2,296,13.0
2026-03-28T06:00,3.2,7.0,274,12.2
2026-03-28T07:00,2.8,9.4,269,17.3
2026-03-28T08:00,2.8,10.0,287,18.7
2026-03-28T09:00,4.0,10.4,279,19.1
2026-03-28T10:00,6.3,8.1,282,20.5
2026-03-28T11:00,9.1,10.7,278,27.0
2026-03-28T12:00,10.6,14.8,283,35.3
2026-03-28T13:00,10.6,17.1,288,38.9
2026-03-28T14:00,10.0,15.6,278,40.3
2026-03-28T15:00,10.1,15.5,275,35.3
2026-03-28T16:00,10.1,15.7,275,35.6
2026-03-28T17:00,9.4,15.1,272,34.6
2026-03-28T18:00,8.9,16.0,272,31.7
2026-03-28T19:00,8.8,20.4,292,41.0
2026-03-28T20:00,9.2,19.2,328,40.3
2026-03-28T21:00,8.1,21.0,324,42.1
2026-03-28T22:00,7.7,19.2,320,43.2
2026-03-28T23:00,7.4,18.9,324,40.3
2026-03-29T00:00,7.1,17.9,320,39.2
2026-03-29T01:00,6.8,17.5,320,37.1
2026-03-29T02:00,5.7,18.3,322,36.4
2026-03-29T03:00,5.2,19.7,318,40.3
2026-03-29T04:00,4.8,18.3,325,41.8
2026-03-29T05:00,4.3,18.2,334,38.2
2026-03-29T06:00,4.2,18.0,334,37.8
2026-03-29T07:00,3.5,18.8,331,39.2
2026-03-29T08:00,3.1,20.0,333,40.7
2026-03-29T09:00,3.8,18.0,328,48.2
2026-03-29T10:00,5.1,20.7,333,46.4
2026-03-29T11:00,6.6,21.4,332,48.6
2026-03-29T12:00,8.4,25.2,350,54.7
2026-03-29T13:00,9.6,25.9,353,58.3
2026-03-29T14:00,10.3,23.4,344,58.0
2026-03-29T15:00,10.2,23.8,331,56.5
2026-03-29T16:00,10.7,24.4,335,54.7
2026-03-29T17:00,10.9,22.1,325,54.4
2026-03-29T18:00,10.9,20.8,323,50.0
2026-03-29T19:00,10.8,18.1,327,45.4
2026-03-29T20:00,9.6,14.8,307,37.1
2026-03-29T21:00,8.2,13.0,295,30.2
2026-03-29T22:00,7.2,13.0,296,25.6
2026-03-29T23:00,6.4,12.4,303,25.9
2026-03-30T00:00,5.7,11.9,301,24.1
2026-03-30T01:00,5.2,11.5,297,23.4
2026-03-30T02:00,4.9,10.2,288,23.0
2026-03-30T03:00,4.7,11.3,287,21.2
2026-03-30T04:00,4.4,11.3,288,22.0
2026-03-30T05:00,4.2,10.0,285,21.6
2026-03-30T06:00,4.1,9.6,264,19.1
2026-03-30T07:00,4.7,10.3,269,20.2
2026-03-30T08:00,5.3,10.1,268,22.0
2026-03-30T09:00,6.1,10.5,263,20.2
2026-03-30T10:00,7.2,11.9,269,24.8
2026-03-30T11:00,8.1,14.2,273,31.3
2026-03-30T12:00,8.4,16.9,268,36.7
2026-03-30T13:00,8.6,18.4,261,40.0
2026-03-30T14:00,10.1,25.4,273,41.8
2026-03-30T15:00,10.2,26.3,273,56.2
2026-03-30T16:00,10.1,22.2,268,56.2
2026-03-30T17:00,10.0,27.2,271,58.0
2026-03-30T18:00,10.2,22.4,265,55.4
2026-03-30T19:00,10.2,22.0,271,47.2
2026-03-30T20:00,10.9,21.6,278,45.4
2026-03-30T21:00,11.1,21.3,286,44.6
2026-03-30T22:00,10.9,23.3,296,45.4
2026-03-30T23:00,10.8,22.9,297,46.8
2026-03-31T00:00,10.4,21.9,290,46.1
2026-03-31T01:00,9.9,20.9,292,45.0
2026-03-31T02:00,9.6,19.3,295,42.8
2026-03-31T03:00,9.2,18.6,297,38.9
2026-03-31T04:00,8.9,18.5,308,37.8
2026-03-31T05:00,7.9,17.8,315,37.4
2026-03-31T06:00,6.7,16.4,315,36.4
2026-03-31T07:00,5.9,14.8,310,32.8
2026-03-31T08:00,5.9,13.7,310,29.9
2026-03-31T09:00,6.7,12.8,296,27.7
2026-03-31T10:00,7.9,16.0,303,36.0
2026-03-31T11:00,9.4,16.9,306,39.6
2026-03-31T12:00,10.9,22.3,315,49.3
2026-03-31T13:00,11.3,24.5,319,54.7
2026-03-31T14:00,11.4,23.7,321,54.4
2026-03-31T15:00,11.5,22.4,316,52.9
2026-03-31T16:00,11.9,23.8,320,52.9
2026-03-31T17:00,11.7,23.5,318,53.3
2026-03-31T18:00,11.6,21.4,318,53.3
2026-03-31T19:00,11.4,17.0,319,46.4
2026-03-31T20:00,11.1,15.4,316,35.3
2026-03-31T21:00,10.7,15.4,315,32.0
2026-03-31T22:00,10.6,16.6,317,34.2
2026-03-31T23:00,10.4,17.1,323,36.0
